method,group,gene,score,log10_two_sided_p
default,0,RPL22,77.62156756458143,-1310.3236390040845
default,0,RPL11,82.2318731131467,-1470.3803869437459
default,0,RCAN3,55.897899076753326,-680.338461019407
default,0,CD52,53.79411538482492,-630.2111179886724
default,0,LCK,49.165493492857905,-526.6881452213762
default,0,NDUFS5,38.308237412335416,-320.34979538011635
default,0,RPS8,75.89346078383443,-1252.7067942327476
default,0,RPL5,76.72147462846043,-1280.1518112718709
default,0,CD2,49.77800065042706,-539.8534220575058
default,0,TXNIP,44.34918627347327,-428.84128715152383
default,0,RPS27,79.97628589908074,-1390.9196409935937
default,0,SSR2,40.01389892376075,-349.37761813943916
default,0,CD48,63.63952448156153,-881.3458478213898
default,0,GAS5,67.99684014918468,-1005.92617008551
default,0,TOMM20,44.68973226089803,-435.42891119778517
default,0,RPS7,70.86628684552906,-1092.4686772636605
default,0,OST4,43.83943365479444,-419.07455200841656
default,0,RPS27A,81.31479217440248,-1437.8065738961834
default,0,TMSB10,50.41278149996732,-553.6693094850426
default,0,MAL,49.01170668414128,-523.4082189227616
default,0,RPL31,73.39620963888105,-1171.7367805773783
default,0,MZT2B,41.44585028301663,-374.7223135818047
default,0,CXCR4,38.61300859970951,-325.4438973870091
default,0,EEF1B2,72.83404844173594,-1153.8828587083794
default,0,RPL37A,73.7650142314513,-1183.5243484294172
default,0,RPL32,84.15587879512525,-1539.9059873874712
default,0,OXNAD1,45.43901608554763,-450.100515626687
default,0,RPL15,60.55442165982272,-798.1240750855136
default,0,RPSA,69.46014219573163,-1049.6126444513527
default,0,RPL14,80.79815247777053,-1419.6168603837848
default,0,TMA7,49.071120415296555,-524.6741629545188
default,0,RPL29,74.17629067549731,-1196.7390369879774
default,0,RPL24,75.84125699123817,-1250.986444468343
default,0,RPL35A,80.70924404657863,-1416.4982849648927
default,0,RPL9,82.22572215737502,-1470.1606945294316
default,0,LEF1,44.84179038168482,-438.38662639144064
default,0,RPL34,84.80419211634678,-1563.6954249976486
default,0,SNHG8,50.17164890539133,-548.4004995584622
default,0,RPS3A,81.34114313459659,-1438.73743806079
default,0,IL7R,60.05617394822017,-785.0712527087132
default,0,FYB1,42.1281285399781,-387.11128614442407
default,0,RPL37,79.83683779110125,-1386.079618580427
default,0,BTF3,53.79746944529071,-630.2895066858407
default,0,NSA2,46.707251288767374,-475.4889682245955
default,0,RPS23,73.98962189775882,-1190.7320955925568
default,0,COX7C,60.593663060321816,-799.1566787170055
default,0,HINT1,54.94614106401848,-657.4226895141335
default,0,TCF7,53.582595565021414,-625.2774943162092
default,0,NDFIP1,40.420031737125456,-356.47551671661904
default,0,RPS14,84.30134871463406,-1545.2280301205594
default,0,NPM1,65.28386646179796,-927.3908648951591
default,0,RACK1,63.612695687670715,-880.6043189832375
default,0,HIST1H4C,44.36948590345406,-429.23255836472805
default,0,HLA-C,44.651245431757864,-434.6818872604521
default,0,LTB,64.16928707813473,-896.0521229365597
default,0,SNHG32,44.788677044638824,-437.3523668517306
default,0,GPSM3,38.45320551421679,-322.7678394980822
default,0,RPS18,80.1109132369848,-1395.6003531895317
default,0,RPS10,71.10771647186247,-1099.9132512044134
default,0,RPL10A,75.24058313610443,-1231.2766822945848
default,0,EEF1A1,78.61260941092357,-1343.9510547625632
default,0,RPS12,84.01518905750139,-1534.767569509414
default,0,TNFAIP3,41.76631987550811,-380.51631390114454
default,0,NDUFA4,37.79796821668716,-311.91114207509605
default,0,TOMM7,69.88679602920689,-1062.5253371884694
default,0,TRBC1,41.530561526331915,-376.24953486277883
default,0,TRBC2,59.43230394224133,-768.8794188351555
default,0,GIMAP7,52.35504079814417,-597.0286860353546
default,0,SARAF,65.76875143415204,-941.1927951873303
default,0,LEPROTL1,62.91177453686612,-861.3420936828932
default,0,RPS20,75.55093335474835,-1241.440565040349
default,0,SNHG6,56.18950124124249,-687.4381613288974
default,0,RPL7,69.03546980391768,-1036.8384101340384
default,0,UQCRB,61.03472201157314,-810.808753050231
default,0,RPL30,84.75741607176504,-1561.972899189659
default,0,COX6C,45.69983948724759,-455.2648378356438
default,0,EIF3E,58.257150374159366,-738.8385960873604
default,0,EIF3H,39.81398179167416,-345.9100012606983
default,0,EEF1D,61.90752307944859,-834.1157104571112
default,0,RPL8,63.54547241968833,-878.7476880976387
default,0,RPS6,78.05806772407755,-1325.0821375096962
default,0,AL499604.1,45.10383327401618,-443.5072304847028
default,0,ATP6V1G1,40.21982126311694,-352.967532977923
default,0,RPL35,66.90808407923964,-974.0248900275786
default,0,RPL12,70.99028561228714,-1096.289064870984
default,0,RPL7A,67.26298352674353,-984.3671383430009
default,0,PRKCQ-AS1,52.66159786589829,-604.0219695853718
default,0,SPOCK2,42.89210159973694,-401.2234833372374
default,0,ANAPC16,41.53309459839986,-376.29525045196846
default,0,RPS24,60.47203132303437,-795.9582198866591
default,0,RGS10,49.84720904990625,-541.3512337665668
default,0,IFITM2,38.12548539497584,-317.31451820557464
default,0,RPLP2,79.34600849376324,-1369.1108788149547
default,0,HBB,-57.52958492123875,-720.5401304213048
default,0,RPL27A,76.97988118791055,-1288.7778032690994
default,0,RPS13,80.57962566036028,-1411.957906273169
default,0,EEF1G,68.98750378738849,-1035.40050415661
default,0,PLAAT4,40.705206208180726,-361.50223448213427
default,0,FAU,67.18223332183311,-982.009162463504
default,0,RPS3,79.31739750932789,-1368.1249788096643
default,0,TMEM123,40.10380361053654,-350.9426938512289
default,0,CD3E,70.02855766404231,-1066.8332519031458
default,0,CD3D,74.32982104064698,-1201.6909346309217
default,0,CD3G,69.42254277202822,-1048.4784862836086
default,0,ATP5MG,43.16175477777863,-406.26503785370016
default,0,RPS25,82.39477381553824,-1476.2046566735567
default,0,ETS1,41.77818269662748,-380.73164596846715
default,0,CD27,53.267882115903575,-617.9728662009642
default,0,C12orf57,60.928373572909784,-807.9914693706578
default,0,YBX3,-40.89907201005401,-364.93962540517117
default,0,LDHB,71.21381031187661,-1103.1926995884037
default,0,PCED1B-AS1,58.710976156226565,-750.3688240725187
default,0,PFDN5,58.480551464259726,-744.5033118568765
default,0,HNRNPA1,39.81552229799371,-345.93665544190884
default,0,RPS26,68.60984727946354,-1024.1141657595072
default,0,RPL41,75.99965978416019,-1256.2101812125281
default,0,NACA,71.47322973117038,-1111.232154620426
default,0,RPL6,71.9222015346427,-1125.2149222440244
default,0,RPLP0,52.23296997043271,-594.255322672671
default,0,RPL21,78.63904708225182,-1344.8539616515984
default,0,TPT1,86.2964556817012,-1619.1466092052503
default,0,ITM2B,46.044243197683336,-462.1292973206499
default,0,COMMD6,57.01076268691095,-707.6319893173624
default,0,TRAC,67.6808131186303,-996.613350556437
default,0,RPS29,83.46335386499162,-1514.6958400455262
default,0,RPL36AL,51.53412804193007,-578.5026544211546
default,0,SRSF5,46.39859285969833,-469.245734900075
default,0,CALM1,48.78833695764264,-518.6625317320936
default,0,BCL11B,61.07126798724246,-811.7780286484095
default,0,B2M,55.49569224835627,-670.6064218646399
default,0,RPL4,56.0813779917056,-684.8013549594258
default,0,RPLP1,69.29802189354749,-1044.7267909194056
default,0,RPS17,61.58628600117396,-825.499049542249
default,0,HBA2,-53.272824650550355,-618.0872521078546
default,0,HBA1,-47.95651335786711,-501.1802215508655
default,0,RPS2,72.12384366482362,-1131.5233424438334
default,0,IL32,66.2473415471501,-954.9156520379264
default,0,RPS15A,84.11498988307723,-1538.411713739442
default,0,LAT,39.81665876732645,-345.95631954598394
default,0,COX4I1,51.59608406974203,-579.8906464495326
default,0,APRT,47.548105760919164,-492.70672311333766
default,0,RPL13,83.03989173922032,-1499.3830534083822
default,0,RPL26,71.74476657023273,-1119.6784316027026
default,0,SNHG29,59.39998282821484,-768.045165359728
default,0,RPL23A,74.15354099474723,-1196.006149940146
default,0,RPL23,64.28326240676813,-899.2320204024205
default,0,RPL19,80.33288267091274,-1403.3349534948031
default,0,CCR7,44.23383463619988,-426.62130405930645
default,0,EIF1,44.33853740823205,-428.6361039816317
default,0,RPL27,73.10913121270988,-1162.6021870438474
default,0,RPL38,79.65382010558596,-1379.7401786674295
default,0,CD7,46.30143211141982,-467.28902276671647
default,0,MYL12A,52.15656823665423,-592.5228205493576
default,0,RPL17,75.26691011236781,-1232.1372599672316
default,0,CIRBP,39.27241910118502,-336.6035915606014
default,0,RPS15,75.37185825846045,-1235.5708019646893
default,0,TLE5,45.828526190003224,-457.8237231020704
default,0,EEF2,39.83587543058919,-346.2889065465578
default,0,RPL36,80.8231215945714,-1420.493301011122
default,0,RPS28,81.88068195031622,-1457.8632737957776
default,0,JUNB,54.799671199090255,-653.9310076380245
default,0,C19orf53,39.90778847948688,-347.53494360015213
default,0,DNAJB1,39.935013930693515,-348.0072645958582
default,0,KLF2,46.77928794715418,-476.9520058606006
default,0,RPL18A,70.59393270790436,-1084.1009139228697
default,0,UBA52,67.08264835163378,-979.105093947767
default,0,FXYD5,41.170902191038294,-369.78685755961317
default,0,HCST,45.50267497244096,-451.35824202473657
default,0,EIF3K,43.490238692967246,-412.4491596660485
default,0,GMFG,42.954926583808195,-402.39526680905385
default,0,RPS16,80.6413990413152,-1414.120844783933
default,0,RPS19,71.2246768774121,-1103.52887005143
default,0,SNRPD2,46.06263518271274,-462.4973241756957
default,0,NOP53,59.302648657668016,-765.5355729266976
default,0,RPL18,76.45850558741958,-1271.4032839701356
default,0,FLT3LG,39.13280679552597,-334.2250806063496
default,0,RPL13A,72.67070680400265,-1148.7209487872442
default,0,RPS11,52.068156088336536,-590.5211306975355
default,0,NOSIP,55.80614762731183,-678.1122041827604
default,0,RPS9,72.23479517326813,-1135.0020155960096
default,0,RPL28,78.62973762729563,-1344.5359878721706
default,0,RPS5,69.88485517573604,-1062.4664182334168
default,0,ZFAS1,39.71074572925162,-344.12613540779216
default,0,RPS21,78.00991352593806,-1323.4499367507706
default,0,LIME1,56.61451678775756,-697.8522222608728
default,0,MIF,48.08169471690162,-503.7919388654444
default,0,PIK3IP1,47.133956779939574,-484.1880453938832
default,0,RPL3,79.9926687686826,-1391.4888186660944
default,0,SMDT1,40.087915178891116,-350.6658501884584
default,0,TMSB4X,51.82881859872931,-585.1194522120974
default,0,UXT,45.962103769708705,-460.487465190288
default,0,RPS4X,77.53871599835608,-1307.5316883970154
default,0,RPL36A,73.13050458481999,-1163.281036775931
default,0,RPL39,79.2224377479227,-1364.8553276527743
default,0,RPL10,79.01995618016645,-1357.8965653603432
default,0,RPS4Y1,65.80290455150227,-942.1687895281177
default,1,ENO1,42.379160489665274,-391.72043142596027
default,1,PGD,44.27627622126467,-427.43743578480445
default,1,AGTRAP,42.02529232679274,-385.2310295393891
default,1,TNFRSF1B,39.953197795264536,-348.32290673109264
default,1,EFHD2,44.499071941323116,-431.7345182605388
default,1,SH3BGRL3,52.197792030234844,-593.4573053611958
default,1,FGR,47.477608106839135,-491.251390404531
default,1,LAPTM5,40.16666918790512,-352.0391524455626
default,1,CSF3R,51.46459085714055,-576.9468075937019
default,1,CAP1,43.1659198604437,-406.3431575907479
default,1,ATP6V0B,44.78988682437361,-437.3759108889942
default,1,C1orf162,43.219909143814526,-407.35645483151563
default,1,PLEKHO1,38.238506889091234,-319.18995042892305
default,1,MCL1,47.62889398954646,-494.3771442265285
default,1,CTSS,57.7197365464541,-725.3003109564627
default,1,S100A10,50.53265358396875,-556.2979389256194
default,1,S100A11,58.612495408776205,-747.8591537804236
default,1,S100A9,60.89727474152968,-807.1685560612495
default,1,S100A12,53.66020543419273,-627.0854606115207
default,1,S100A8,59.96869097908937,-782.7905453715796
default,1,S100A6,60.10320091036612,-786.2986329715033
default,1,S100A4,57.840087832255165,-728.3212496516289
default,1,TPM3,46.831340681054655,-478.01057940791236
default,1,MNDA,60.98117689274416,-809.3896718981829
default,1,FCER1G,54.51736893552851,-647.2275049618293
default,1,NCF2,52.33232715483095,-596.5121581607383
default,1,ARPC5,46.51450669762921,-471.5854746103943
default,1,RGS2,49.26381444887897,-528.7904901015606
default,1,LYST,42.954321171208264,-402.38396674913446
default,1,RHOB,43.87167711099081,-419.6889871231761
default,1,CCDC88A,43.58617801832354,-414.26417514488526
default,1,ACTR2,46.08051258218725,-462.85519481588005
default,1,TMSB10,44.10528636356657,-424.15415177689573
default,1,CAPG,48.91375607574396,-521.3245051912602
default,1,VAMP8,38.74870519705686,-327.7249701329104
default,1,ZEB2,45.5242552879312,-451.785009589245
default,1,CD302,51.29333786921811,-573.1240903324922
default,1,GCA,45.2227304448985,-445.84044131397906
default,1,ARPC2,37.769558442677564,-311.4446320488971
default,1,SLC11A1,44.020438063247546,-422.5296373913856
default,1,LRRFIP1,43.91544630447793,-420.5237801283485
default,1,ARPC4,41.394048517115024,-373.7899373047334
default,1,CMTM6,38.97907010995165,-331.6157256995155
default,1,RHOA,45.269727182520356,-446.76438667727666
default,1,GNAI2,47.66242629760365,-495.07130841827984
default,1,TKT,56.12741519088771,-685.9234456614611
default,1,CSTA,56.53717893162869,-695.9513930930859
default,1,C4orf48,42.236073632778094,-389.08989140385984
default,1,ANXA5,48.375626774390355,-509.9511200688647
default,1,NAIP,41.3512534653095,-373.020550790804
default,1,VCAN,57.44387809732544,-718.3997121641635
default,1,GLRX,38.74665614041625,-327.69046586878596
default,1,CAST,40.22448505655971,-353.049051625245
default,1,H2AFY,43.487039507416654,-412.3887051306797
default,1,CD14,52.56500145533299,-601.8139771178892
default,1,CD74,39.67579135662459,-343.52319013488807
default,1,DUSP1,41.297871620860825,-372.061944901113
default,1,RNF130,50.69347093916416,-559.8342398211523
default,1,SERPINB1,46.779358465458856,-476.9534391647026
default,1,LST1,59.10353559700367,-760.4146024932627
default,1,AIF1,58.74832379043237,-751.3216874639368
default,1,CLIC1,39.4815424666494,-340.1821566937662
default,1,HLA-DRA,40.48484401577163,-357.6148513350881
default,1,HLA-DRB1,38.69694972133522,-326.854012899522
default,1,CNPY3,39.050210445285614,-332.8219072386307
default,1,RAB32,42.03802335083849,-385.46355453820155
default,1,SOD2,44.55252656647214,-432.7687077197784
default,1,ACTB,60.11799778659872,-786.6850226542648
default,1,RAC1,48.05471987100304,-503.2285750261831
default,1,SKAP2,38.379838611396906,-321.5429516772606
default,1,CPVL,48.15853034302082,-505.3983656407995
default,1,NCF1,39.2514658772983,-336.24608153360515
default,1,FGL2,56.68194814239702,-699.511686085427
default,1,CD36,44.48548994293481,-431.4719442307462
default,1,BRI3,52.60456056523066,-602.7177260764635
default,1,ARPC1B,50.31121270463989,-551.4469279628105
default,1,LAMTOR4,40.22641374511897,-353.08276601529246
default,1,GNB2,39.48641317505741,-340.26573151786283
default,1,NAMPT,52.08179918868163,-590.8297950523278
default,1,ZYX,41.40331685937876,-373.9566719809962
default,1,CTSB,46.72286104718368,-475.80580541172554
default,1,ASAH1,46.68703054855006,-475.07869744639453
default,1,RAB11FIP1,45.93797158055269,-460.0056590276321
default,1,CEBPD,54.703900272008944,-651.6529692218863
default,1,SDCBP,41.0843330460353,-368.2396899373636
default,1,PABPC1,46.990542864553845,-481.2555040015723
default,1,GLIPR2,37.83800869135629,-312.56923176132165
default,1,ZFAND5,42.82732444761375,-400.0170828031545
default,1,ANXA1,52.17152659518178,-592.8618199946277
default,1,SYK,39.8988138165572,-347.37931707961883
default,1,KLF4,51.918669646621275,-587.1444115099932
default,1,MEGF9,46.08561562898483,-462.9573733044053
default,1,NUP214,39.879389767336995,-347.0426110790275
default,1,FCN1,58.5935108430158,-747.3758377311254
default,1,KLF6,40.741586334027716,-362.1460389429324
default,1,VIM,58.170414237822335,-736.6450929437949
default,1,SRGN,56.67743293971765,-699.4005067402647
default,1,VSIR,48.3434297122588,-509.27461957496996
default,1,PSAP,58.61961951963735,-748.0405623897288
default,1,PTPRE,41.65508489669173,-378.5001656701193
default,1,TALDO1,45.84331748049042,-458.11830280340286
default,1,CTSD,52.349469809020974,-596.901976198748
default,1,RHOG,38.69400210297107,-326.8044444518233
default,1,TPP1,39.06067407058971,-332.9995028819743
default,1,CD44,38.33282787748652,-320.7593179463518
default,1,SPI1,52.055021489468416,-590.2240471321685
default,1,MPEG1,51.488611287513606,-577.484010927588
default,1,MS4A6A,53.72677178243549,-628.6382450713346
default,1,FTH1,49.19261532913319,-527.2676579188632
default,1,AHNAK,38.514830014999056,-323.79848871767217
default,1,RTN3,40.964006953553586,-366.0946193082969
default,1,NEAT1,51.160174380897814,-570.1604078711208
default,1,CFL1,39.39176467351055,-338.6435341576069
default,1,GSTP1,49.88383603441433,-542.1447582503461
default,1,LAMTOR1,38.71444228273847,-327.14825310039936
default,1,CASP1,40.23184990358354,-353.17780132997973
default,1,JAML,44.565123226148025,-433.0125965418428
default,1,APLP2,51.56905075694607,-579.284818083305
default,1,GAPDH,56.395819216745956,-692.4837296857553
default,1,TPI1,38.57961043682555,-324.8836965943327
default,1,CLEC12A,46.72631253193487,-475.87587578631906
default,1,CLEC7A,40.152639308283895,-351.79430414998336
default,1,PLBD1,48.261377870387825,-507.55264262452346
default,1,LRRK2,42.87799101208784,-400.9605345834416
default,1,DAZAP2,39.28219332913433,-336.7704274684534
default,1,CD63,39.17710079708731,-334.97878103114664
default,1,MYL6,47.44227587607715,-490.5228138875415
default,1,IRAK3,46.11536613988156,-463.55329390475697
default,1,LYZ,62.57121685328036,-852.0601245984986
default,1,AC020656.1,60.5106804568192,-796.973851007073
default,1,GLIPR1,42.48291497652894,-393.63343481622474
default,1,LTA4H,42.91737656800776,-401.69469475046554
default,1,ARPC3,42.65337577452066,-396.78649963500123
default,1,ALDH2,42.413056701224214,-392.3448887351913
default,1,RILPL2,38.532493331122346,-324.09420569518863
default,1,LCP1,46.39372432614145,-469.14759038744944
default,1,KCTD12,48.066835058353526,-503.4815590256563
default,1,TNFSF13B,49.313797994472864,-529.8608707631779
default,1,NPC2,41.414152785957725,-374.1516543030136
default,1,FOS,46.02726790136616,-461.7897489632783
default,1,SERPINA1,48.17694665946696,-505.78378215623087
default,1,TNFAIP2,43.87628188991677,-419.77677316101614
default,1,ATP5MPL,41.42973625360565,-374.43215351665526
default,1,SERF2,43.86492810066224,-419.5603398406536
default,1,DMXL2,38.5135395571967,-323.7768893459813
default,1,ANXA2,52.82124270645975,-607.6799974353963
default,1,PKM,47.73412368522106,-496.55717903700344
default,1,CTSH,47.07707631801173,-483.0238799631596
default,1,IQGAP1,41.86432941019663,-382.2971999659889
default,1,ATP6V0C,42.61115457054481,-396.00434620209205
default,1,CPPED1,37.8272035566121,-312.39157421710723
default,1,METTL9,42.30281073574091,-390.31569505020605
default,1,IGSF6,49.542251014354626,-534.766921646827
default,1,PYCARD,51.35744087067981,-574.5535096085038
default,1,ATP6V0D1,40.31250771511705,-354.5893739897545
default,1,COTL1,58.349852255276396,-741.1865802372165
default,1,CYBA,50.0167475895411,-545.0291813855898
default,1,ARRB2,42.200411089606824,-388.4356468901387
default,1,PFN1,39.37576971497989,-338.3697777897216
default,1,RNASEK,42.666725434519385,-397.0339648692084
default,1,GABARAP,54.345875211443364,-643.1721368836126
default,1,TNFSF13,44.01276809713379,-422.3829414332899
default,1,EIF4A1,47.25084024009623,-486.58469313262526
default,1,CD68,48.93630409656379,-521.8038026056769
default,1,EVI2B,43.01232179087143,-403.4672740315067
default,1,GRN,57.8929658103168,-729.6505287268362
default,1,SCPEP1,40.55945822991842,-358.9287517657629
default,1,VMP1,43.94368521621355,-421.06281136409706
default,1,TIMP2,42.526558203419306,-394.43951556439436
default,1,ACTG1,37.86903006525143,-313.0795653653096
default,1,RAB31,42.65848721909136,-396.88124233458643
default,1,CFD,48.793189247099555,-518.7653927615182
default,1,OAZ1,51.175480722032866,-570.5006737478939
default,1,STXBP2,48.11185552003512,-504.4222147735612
default,1,TRAPPC5,38.0921309043998,-316.7621069489333
default,1,PRAM1,40.22540041382949,-353.0650523028279
default,1,MYO1F,44.64614214192558,-434.58288140391073
default,1,AC020916.1,50.73323719413206,-560.7104131723169
default,1,IFI30,55.95664087603295,-681.7656908453945
default,1,TYROBP,58.85478795875521,-754.0412691563762
default,1,CAPNS1,37.93047657115037,-314.0916567160432
default,1,ZFP36,45.843527424818355,-458.1224846865369
default,1,PLAUR,45.43939858983906,-450.1080676175598
default,1,FOSB,40.709053360971474,-361.5702888366899
default,1,VASP,41.39611436930187,-373.8270981321208
default,1,C5AR1,38.293481511174484,-320.10418081508953
default,1,EMP3,38.38926651134988,-321.7002231749105
default,1,FTL,59.30458668320384,-765.5855014122601
default,1,FCGRT,46.86295549758341,-478.6540901442029
default,1,FPR1,47.53167017091031,-492.3672387976918
default,1,MYADM,45.25541737712856,-446.4829575800855
default,1,LILRB3,40.548303187961004,-358.73216620811354
default,1,LILRB2,40.59725660671918,-359.5952749754595
default,1,FKBP1A,39.59079189638946,-342.05920501108716
default,1,CD93,38.257245120173536,-319.5014206930465
default,1,CST3,60.974024789305965,-809.2002172988211
default,1,HCK,39.29661510483436,-337.0166679083646
default,1,SAMHD1,50.36333488312098,-552.5868306835501
default,1,YWHAB,38.370209164889125,-321.3823579032018
default,1,CEBPB,38.90101000956908,-330.2947471899597
default,1,CTSZ,46.9275875587515,-479.971007828619
default,1,ATP5F1E,48.5195282152699,-512.9801694433988
default,1,ITGB2,47.558341498330705,-492.9182060112754
default,1,IL17RA,47.067376890061304,-482.8255031299253
default,1,ADA2,38.17319180904294,-318.1054626767636
default,1,LGALS1,58.38166581910226,-741.9932247164521
default,1,TSPO,57.42938913944047,-718.0381841254141
default,1,TYMP,56.2213974691006,-688.2169855121035
default,1,TMSB4X,39.763693647100595,-345.04047026531714
default,1,AP1S2,51.09786850288321,-568.7763737898988
default,1,SAT1,46.58242228808614,-472.9590716803995
default,1,CYBB,54.62130257488534,-649.6914716657174
default,1,TIMP1,39.586201113752026,-341.980225086315
default,1,CFP,46.42800683526379,-469.838908557379
default,1,PGK1,38.7087653881112,-327.0527482058152
default,2,RALGPS2,40.47524896784378,-357.446065073719
default,2,CD74,41.86478384871834,-382.30546706973394
default,2,HLA-DRA,39.71016143867909,-344.1160523325127
default,2,HLA-DQA1,40.364663320953724,-355.5036397575627
default,2,MS4A1,44.14080496295607,-424.83512246174297
default,2,IGHM,39.7388743988582,-344.6117258229002
default,4,RPL22,-52.47989734457651,-599.8720312892295
default,4,PARK7,-39.66646218320635,-343.36235625849264
default,4,RPL11,-50.68832463563618,-559.7209010388964
default,4,SH3BGRL3,-52.655297762606466,-603.8778388793344
default,4,CD52,-40.35689186712286,-355.36733459577744
default,4,ATP5IF1,-38.17211476347718,-318.08759499248356
default,4,NDUFS5,-38.33278856216546,-320.7586629907948
default,4,YBX1,-56.00946518322926,-683.0504246759347
default,4,RPS8,-53.46347333274438,-622.5075608894122
default,4,UQCRH,-45.40214100947243,-449.372769074492
default,4,TMEM59,-41.25296580324316,-371.25650534861535
default,4,RPL5,-51.33070481162059,-573.9571110228085
default,4,LAMTOR5,-38.29851248775234,-320.1879116864452
default,4,S100A6,-41.9589777381247,-384.02096846535056
default,4,JTB,-39.412059122746115,-338.9910368424812
default,4,RPS27,-45.98973027587467,-461.03934676140096
default,4,CD48,-39.429820084163026,-339.2953051875844
default,4,PRDX6,-41.62374289399661,-377.93305765697033
default,4,H3F3A,-57.34925626552028,-716.0403570609905
default,4,GUK1,-45.113815508571676,-443.7028835974901
default,4,TOMM20,-38.4935070731951,-323.4416831491296
default,4,RPS7,-52.319912522421056,-596.2299333573203
default,4,OST4,-53.99582456615082,-634.9340054818904
default,4,RPS27A,-51.932163033362,-587.4488125916329
default,4,TMSB10,-45.56555852001708,-452.60237693084713
default,4,COX5B,-42.70107659724457,-397.671094647092
default,4,RPL31,-52.071189961693086,-590.5897626959378
default,4,GYPC,-44.051810008894634,-423.12992381511225
default,4,MZT2B,-44.189001698850674,-425.7600369687257
default,4,EEF1B2,-50.889172473039196,-564.1527727907624
default,4,RPL37A,-52.931784654941765,-610.2193875951768
default,4,PTMA,-44.107944321096845,-424.20509178821254
default,4,RPL32,-53.11938138026808,-614.54103508072
default,4,RPL15,-55.21824575236372,-663.9340926544
default,4,RPSA,-47.35441597040917,-488.71342746464103
default,4,RPL14,-50.09006537868138,-546.623593135225
default,4,TMA7,-47.41336919249641,-489.9271399164492
default,4,RHOA,-39.34727094011099,-337.8822917009762
default,4,RPL29,-54.77947744943023,-653.4503412447143
default,4,MTRNR2L12,76.684590031306,-1278.9229137303016
default,4,RPL24,-55.72115594136173,-676.0532270977387
default,4,CNBP,-38.64074887806207,-325.9095642463706
default,4,SEC62,-42.35547052229939,-391.2842960318013
default,4,RPL35A,-58.22825415199818,-738.1074657106585
default,4,ATP5ME,-42.15417149672444,-387.58818380609694
default,4,RPL9,-53.39193561894258,-620.8470646627538
default,4,CCNI,-50.49893331951788,-555.5578694634954
default,4,RPL34,-52.47375143001823,-599.7319126409367
default,4,RPS3A,-53.01263269764285,-612.0800026714888
default,4,RPL37,-53.208799965856805,-616.6063392272091
default,4,BTF3,-60.82225892759041,-805.1852734908457
default,4,NSA2,-38.66127184274773,-326.25429139497675
default,4,TBCA,-38.0674899170667,-316.3543173183129
default,4,RPS23,-54.23689928412655,-640.6017822977219
default,4,COX7C,-54.731423876739825,-652.30724687843
default,4,HINT1,-45.98483020973711,-460.9414363009045
default,4,PAIP2,-37.70175719137067,-310.33269961491976
default,4,RPS14,-54.304130386503424,-642.1869156875537
default,4,NPM1,-39.23185619277793,-335.91166798061755
default,4,ATP6V0E1,-42.296645340098785,-390.202370182341
default,4,RACK1,-53.53185476172177,-624.0968719847967
default,4,HIST1H4C,-41.59994170173737,-377.5026793034052
default,4,CLIC1,-41.25598998342262,-371.3107201502088
default,4,RPS18,-48.285278140489105,-508.0539227989399
default,4,RPS10,-55.40902518344343,-668.5185706565361
default,4,RPL10A,-51.4941710992649,-577.6083886702312
default,4,TOMM6,-42.75171535621743,-398.61125341309275
default,4,EEF1A1,-46.119253799286945,-463.6311944412739
default,4,COX7A2,-47.1297161312681,-484.1012041068356
default,4,SNX3,-42.1104225030798,-386.78722196339834
default,4,RPS12,-55.46083052805003,-669.7661942374107
default,4,PSMB1,-38.23514697052423,-319.13411736693837
default,4,NDUFA4,-47.80945550084053,-498.1207743142583
default,4,TOMM7,-48.41801079058376,-510.84234731230475
default,4,PPIA,-38.50288447060643,-323.59857469466306
default,4,CHCHD2,-52.526863594420135,-600.9433405677124
default,4,ATP5MF,-44.328953359696314,-428.45147986982664
default,4,LAMTOR4,-37.7588304627415,-311.26856159542785
default,4,FIS1,-41.86910186722658,-382.3840245371881
default,4,MTPN,-39.751509121237255,-344.82995313498355
default,4,NDUFB2,-38.62516459471788,-325.64791493717564
default,4,RPS20,-52.28060021246713,-595.3366786357452
default,4,SNHG6,-44.43413711037383,-430.4798891530009
default,4,RPL7,-55.40555184747118,-668.4349642892896
default,4,UQCRB,-54.207291584627576,-639.9043326413265
default,4,RPL30,-55.56460177521632,-672.2688126724
default,4,COX6C,-49.42785934406075,-532.3075172619962
default,4,EIF3E,-44.96501690127361,-440.79089440722277
default,4,EIF3H,-43.21322801425067,-407.2309915310552
default,4,EEF1D,-40.1755020277294,-352.1933462578495
default,4,RPL8,-54.221778383229214,-640.2455413475395
default,4,RPS6,-50.54480411699811,-556.5647315529035
default,4,ANP32B,-42.03879536459528,-385.4776571979457
default,4,ATP6V1G1,-42.27666095588864,-389.8351547460335
default,4,RPL35,-50.681782407143096,-559.5768359278495
default,4,RPL12,-56.822831449723594,-702.9851495766886
default,4,RPL7A,-55.724568305959394,-676.135833348136
default,4,EDF1,-42.026432402208385,-385.25184950819926
default,4,ANAPC16,-41.91441782519807,-383.2089433401012
default,4,RPS24,-55.30919675183372,-666.1176972409162
default,4,ATP5MD,-40.607488281429774,-359.77580335669666
default,4,TALDO1,-40.76577809937174,-362.57446889183905
default,4,RPLP2,-53.01962001717041,-612.2409401841137
default,4,EIF3F,-39.07303795625622,-333.2094122613853
default,4,RPL27A,-54.07219527757814,-636.7267853481112
default,4,RPS13,-57.21586309220095,-712.720857727012
default,4,FTH1,-47.93575567091635,-500.7478017390654
default,4,EEF1G,-47.36061066206712,-488.8408911071919
default,4,UBXN1,-39.84363686823676,-346.4232808877584
default,4,COX8A,-39.39268241990267,-338.65924490761137
default,4,TRMT112,-39.10868385421837,-333.81496622190036
default,4,PRDX5,-38.4453925291301,-322.6372876548247
default,4,FAU,-59.25470317839579,-764.3008941773795
default,4,MALAT1,59.63472352953649,-774.1144685622546
default,4,CFL1,-44.03621962841299,-422.8315563151287
default,4,RPS3,-53.154065962890925,-615.3417339859611
default,4,ATP5MG,-58.15851509374667,-736.3444257484573
default,4,RPS25,-55.19719640147747,-663.429239338955
default,4,GAPDH,-39.29910355418802,-337.0591653491649
default,4,YBX3,-37.77306118156988,-311.5021307455501
default,4,PFDN5,-56.23647380508799,-688.5852647488957
default,4,ATP5MC2,-46.0940299416207,-463.1258780738065
default,4,RPS26,-52.053630205812304,-590.1925829136071
default,4,RPL41,-52.61307711808479,-602.912380143912
default,4,MYL6,-50.11042981779312,-547.0668643070026
default,4,PTGES3,-40.28178123077032,-354.0513043460999
default,4,NACA,-57.52916653289045,-720.5296739613989
default,4,ISCU,-38.96618765467335,-331.39753907626937
default,4,ARPC3,-51.470812965661,-577.0859374916236
default,4,ERP29,-38.56134179218037,-324.5774741087078
default,4,RPL6,-53.57374616082068,-625.0715084679723
default,4,RPLP0,-42.379716805593105,-391.73067620225595
default,4,COX6A1,-38.819858388046015,-328.9242559164522
default,4,DYNLL1,-37.80886560510596,-312.09017840322826
default,4,SAP18,-43.332721746543534,-409.47786081977006
default,4,RPL21,-60.674446024181485,-801.2845176540258
default,4,TPT1,-54.72866593822938,-652.2416716877146
default,4,ITM2B,-40.23794687720127,-353.28440432266325
default,4,COMMD6,-47.9783136903774,-501.63456291510613
default,4,PSME1,-41.75362411613978,-380.28593013506173
default,4,NEDD8,-40.05954057040422,-350.1717170840731
default,4,RPS29,-52.302956383148675,-595.8445734969401
default,4,RPL36AL,-51.93936781745892,-587.6113796994333
default,4,ATP5MPL,-40.76728612470316,-362.6011840437141
default,4,SRP14,-48.512668849628575,-512.8355793807988
default,4,SERF2,-57.67959307588997,-724.2940679658801
default,4,PPIB,-39.97362783885419,-348.6777100557701
default,4,RPL4,-41.25524613265267,-371.2973846897665
default,4,RPLP1,-53.23844831293884,-617.2918944086682
default,4,RPS17,-49.42350395553615,-532.213989298454
default,4,RPS2,-48.08494246263261,-503.85978863958746
default,4,ATP6V0C,-43.90597461040145,-420.34305964260375
default,4,ELOB,-54.49070076035754,-646.5960355266637
default,4,RPS15A,-55.23975848569683,-664.4502586203199
default,4,GABARAPL2,-43.31850728674838,-409.2102581399278
default,4,COX4I1,-52.540811812546266,-601.2616865635569
default,4,APRT,-40.7400237907466,-362.11837543611546
default,4,RPL13,-46.393246962401676,-469.137967790746
default,4,PFN1,-38.73744338101807,-327.53535383156714
default,4,RNASEK,-39.75308421508073,-344.85716306119224
default,4,GABARAP,-52.792965029284275,-607.0312494925056
default,4,EIF5A,-37.95857471826451,-314.55500999140963
default,4,RPL26,-57.133624902159305,-710.678203597097
default,4,UBB,-52.47550537322716,-599.7718985327798
default,4,SNHG29,-45.51906378213692,-451.68232504790285
default,4,RPL23A,-54.1373309970484,-638.2578278902106
default,4,RPL23,-51.447973088741065,-576.5753071940375
default,4,RPL19,-53.60845716437251,-625.8796645602085
default,4,RPL27,-55.9624399943902,-681.9066713301833
default,4,NME2,-44.55030383799346,-432.72567975924795
default,4,RPL38,-51.38970884318665,-575.273721311226
default,4,SUMO2,-45.72380565799683,-455.74085113738795
default,4,MYL12A,-45.3023044483461,-447.40541108376027
default,4,MYL12B,-49.475835686343345,-533.3383100614317
default,4,RPL17,-54.17465970494913,-639.13608518009
default,4,GPX4,-39.88571931097604,-347.1523125080014
default,4,ATP5F1D,-40.35140647578927,-355.27114094557805
default,4,RPS15,-56.00136615230508,-682.8533704544423
default,4,UQCR11,-52.547008536583355,-601.4031440762866
default,4,OAZ1,-58.594456357278524,-747.399905277944
default,4,RPL36,-50.95148115310782,-565.5312239370808
default,4,TRAPPC5,-37.78524122983302,-311.7021119916505
default,4,RPS28,-53.79910449080728,-630.327721568477
default,4,UBL5,-50.18134155881583,-548.6117996306581
default,4,TRIR,-41.10717308471218,-368.6475722398443
default,4,PRDX2,-37.732769264864274,-310.8410463491263
default,4,C19orf53,-39.74034932730886,-344.6371972603275
default,4,RPL18A,-53.923130428611046,-633.2298843331014
default,4,UBA52,-64.40481292313758,-902.6294797138344
default,4,NDUFA13,-44.91704868850762,-439.85420488626613
default,4,COX6B1,-51.424793804502606,-576.0573203211178
default,4,EIF3K,-49.441740493674835,-532.6056571325684
default,4,GMFG,-42.51222386160178,-394.1746722629734
default,4,RPS16,-54.122484467336704,-637.9086918800374
default,4,RPS19,-47.791779899348036,-497.7536764263875
default,4,SNRPD2,-41.36992109397409,-373.3560671195999
default,4,RPL18,-53.5403053942394,-624.2934212805811
default,4,FTL,-63.17932894154131,-868.6696651219739
default,4,RPL13A,-47.34710550259631,-488.5630267408724
default,4,RPS11,-58.53752738482754,-745.9515013816722
default,4,RPS9,-54.31476785898953,-642.437899248488
default,4,RPL28,-50.95168439102311,-565.5357229148913
default,4,RPS5,-54.01868883162059,-635.4704717883301
default,4,ATP5F1E,-63.66592319070009,-882.075794468449
default,4,PSMA7,-41.27119014710692,-371.58327522803756
default,4,RPS21,-38.58867322702814,-325.03566255335465
default,4,PPDPF,-39.48421061505208,-340.22793726675366
default,4,ATP5PF,-40.39800486500622,-356.0887215820468
default,4,SOD1,-45.347923230811375,-448.3038282656189
default,4,ATP5PO,-40.876674867847974,-364.5416732794634
default,4,MIF,-43.47123448294894,-412.0901051133276
default,4,UQCR10,-44.396221044897935,-429.74814566456115
default,4,RPL3,-45.226925537945384,-445.92287693487526
default,4,RBX1,-45.831308353287774,-457.8791247296394
default,4,SMDT1,-41.86975019617635,-382.395820248025
default,4,TSPO,-38.724302017415624,-327.31416099448006
default,4,SLC25A6,-43.80021569642366,-418.327818210149
default,4,TMSB4X,-46.74549485241843,-476.26540021747195
default,4,NDUFB11,-41.5001457881941,-375.7008246674387
default,4,UXT,-43.629115792681176,-415.07778195344906
default,4,RPS4X,-53.405497685029665,-621.1616896144895
default,4,COX7B,-43.913512704679434,-420.48688376587984
default,4,SH3BGRL,-38.56104100006575,-324.57243338631906
default,4,RPL36A,-51.88366030487881,-586.3549945777896
default,4,RPL39,-54.18568536185344,-639.3956088592038
default,4,NDUFA1,-44.836859136652066,-438.2905502182145
default,4,SSR4,-42.456959407677004,-393.1544332548588
default,4,RPL10,-50.357896368204614,-552.4678362253003
default,4,RPS4Y1,-46.15658453956682,-464.3795581114643
default,4,MT-ND1,72.52801899733944,-1144.2212199570063
default,4,MT-ND2,72.88958737815125,-1155.6406351517685
default,4,MT-CO1,74.59418035648629,-1210.2414427545461
default,4,MT-CO2,75.24480589469388,-1231.4146957984328
default,4,MT-ATP6,77.99684440845482,-1323.0071288747806
default,4,MT-CO3,75.8116079871206,-1250.0099033226952
default,4,MT-ND3,74.4413718651196,-1205.2952634031974
default,4,MT-ND4L,48.679472303841905,-516.3574565995855
default,4,MT-ND4,75.33608410720748,-1234.3998576413703
default,4,MT-ND5,73.25227763225544,-1167.1525123231968
default,4,MT-CYB,77.51488398376458,-1306.729143841506
default,5,RPL22,-50.21466663744439,-549.3385982994203
default,5,RPL11,-54.622860498005835,-649.7284412034521
default,5,PITHD1,53.74077415653708,-628.9651215029867
default,5,RSRP1,-38.96587477558901,-331.39224082466677
default,5,CD52,-41.33666787182691,-372.75850680376965
default,5,HMGN2,-40.05721540409064,-350.13124068053827
default,5,LAPTM5,-39.20325046980409,-335.4241398820804
default,5,RPS8,-54.25812009610682,-641.1019015448368
default,5,PDZK1IP1,38.04190426922669,-315.93117313359625
default,5,JUN,-50.03705706520219,-545.4706095028897
default,5,RPL5,-51.550986434926195,-578.88016555852
default,5,TENT5C,41.690520888915124,-379.1418646396268
default,5,TXNIP,-56.79196635191206,-702.2234366126526
default,5,SELENBP1,56.07536097355473,-684.6547667631669
default,5,S100A6,-41.71603754652858,-379.6042751107711
default,5,RPS27,-58.44453032980174,-743.5884693030699
default,5,TPM3,-39.838190053490706,-346.32897704727117
default,5,CD48,-38.96806057942292,-331.42925581608887
default,5,PRRC2C,-41.57533423116297,-377.057980169395
default,5,GAS5,-42.269714668394805,-389.7075564860094
default,5,PTPRC,-51.258179796342155,-572.3408654183327
default,5,ADIPOR1,52.99787668063473,-611.7401999723012
default,5,BTG2,-44.1984601649937,-425.9416670475551
default,5,H3F3A,-41.785993677803354,-380.87346302332327
default,5,GUK1,55.07609733155652,-660.5285033022254
default,5,HNRNPU,-44.67039602991399,-435.0535173060537
default,5,TRIM58,54.01000533948395,-635.2667035053283
default,5,RPS7,-52.00144677717833,-589.0130488295857
default,5,SRSF7,-49.41036628884115,-531.9319198709462
default,5,ZFP36L2,-53.425211738753596,-621.6191762838597
default,5,CALM2,-42.02642429309106,-385.25170141813544
default,5,RPS27A,-54.172139941011565,-639.0767819817163
default,5,TMSB10,-52.214273812620675,-593.8311303944956
default,5,RPL31,-47.95557332141407,-501.16063486368773
default,5,GYPC,39.34134903560096,-337.7810387359852
default,5,CXCR4,-47.42603632117544,-490.1881241334805
default,5,HNRNPA3,-39.5191459624575,-340.82764935992094
default,5,STRADB,43.269805793273,-408.29406451507026
default,5,EEF1B2,-48.269962170710535,-507.7326597326106
default,5,RPL37A,-53.33094114197401,-619.4330473146086
default,5,ARPC2,-44.68251162830765,-435.288710736326
default,5,NCL,-42.86800820994697,-400.7745587136091
default,5,PTMA,-57.93314590997423,-730.6614124289406
default,5,EMC3,39.39350127421906,-338.67326304897693
default,5,RPL32,-52.97447036457996,-611.2013914142569
default,5,RPL15,-51.96623972256787,-588.2179100168636
default,5,RPSA,-52.241453242436364,-594.4478474815598
default,5,RPL14,-52.81865117484389,-607.620527932508
default,5,TMA7,-43.59971645193764,-414.52062189369826
default,5,RPL29,-51.70155969546088,-582.2574351792184
default,5,FOXP1,-39.236651634104156,-335.9934315735396
default,5,MTRNR2L12,-58.80089181700409,-752.6639001958137
default,5,RPL24,-47.8438995626807,-498.8365196738363
default,5,MBNL1,-44.379790808048384,-429.4312517402214
default,5,CCNL1,-42.50288789452445,-394.00222759121834
default,5,TRA2B,-38.49956995768846,-323.5431158158203
default,5,EIF4A2,-42.93151882205913,-401.95847547154307
default,5,RPL35A,-47.53537335152447,-492.44371938238436
default,5,RPL9,-52.078670706200846,-590.7590084701733
default,5,HNRNPDL,-43.028238039562176,-403.76480529237665
default,5,SNCA,60.911142300534905,-807.5354568458908
default,5,RPL34,-53.718161495445806,-628.4372857150114
default,5,RPS3A,-53.4663803131063,-622.5750831827465
default,5,SUB1,-38.84925173246029,-329.42032155219425
default,5,RPL37,-54.17326927299242,-639.1033607173675
default,5,RPS23,-53.4808066184101,-622.9102264887358
default,5,COX7C,-38.967436064041806,-331.4186798926639
default,5,HINT1,-43.86481802692688,-419.5582418173386
default,5,RPS14,-51.74045139081993,-583.1313524941127
default,5,NPM1,-44.96400673205122,-440.7711582377198
default,5,DUSP1,-50.013879738120494,-544.9668628278547
default,5,RACK1,-51.04042949797867,-567.5019431605524
default,5,GMPR,56.028040922698025,-683.5024909873317
default,5,RIPOR2,-40.24965201233952,-353.4891088566922
default,5,HLA-A,-53.127492245838106,-614.7282288689182
default,5,HLA-E,-52.657252981036514,-603.9225675737782
default,5,HLA-C,-54.400535624475665,-644.4633232455868
default,5,HLA-B,-55.60126272412733,-673.154070807493
default,5,RPS18,-56.18323559705298,-687.2852222524093
default,5,RPS10,-44.01036133649616,-422.3369149345091
default,5,RPL10A,-50.85133404701877,-563.3164981319042
default,5,SRSF3,-43.505505704548746,-412.7377193086769
default,5,HSP90AB1,-38.74109347489312,-327.59680479108073
default,5,EEF1A1,-60.156935891939504,-787.7022646025634
default,5,SNHG5,-41.566676886692235,-376.90158962804804
default,5,PNISR,-46.13826999242805,-464.01233358060614
default,5,RPS12,-48.060489303294275,-503.34904182034506
default,5,ACTB,-53.87357475018415,-632.0694980206069
default,5,TOMM7,-45.39799287897897,-449.29094074918686
default,5,HNRNPA2B1,-54.22300151450869,-640.2743540258444
default,5,SEPTIN7,-39.78752884534503,-345.45246722848685
default,5,PPIA,-47.36324129960415,-488.8950248521621
default,5,IKZF1,-39.935661291598514,-348.0184992582985
default,5,ARPC1B,-39.26726329636856,-336.5156040377942
default,5,UBE2H,44.71087243305262,-435.83951254709785
default,5,BPGM,61.79991095658161,-831.2242000881023
default,5,MKRN1,59.0261753321523,-758.4296240107542
default,5,DMTN,39.162454002532634,-334.72945902813586
default,5,SLC25A37,53.224622602633715,-616.9721566776311
default,5,BNIP3L,59.369055093564796,-767.2473016195062
default,5,SARAF,-39.22928235260697,-335.8677874141735
default,5,RPS20,-50.845333495065205,-563.1839358273934
default,5,SNHG6,-42.566489581796354,-395.1777635665161
default,5,RPL7,-45.92466231275931,-459.74004378947325
default,5,CA1,40.36595759348284,-355.52634282176484
default,5,RPL30,-51.26857017099549,-572.5722784531237
default,5,PABPC1,-52.87967673616869,-609.0216938622505
default,5,YWHAZ,-41.64772076812925,-378.36687944030217
default,5,EIF3E,-40.00844855926768,-349.2828500751628
default,5,EEF1D,-50.289324849109484,-550.9685961000265
default,5,RPL8,-51.39881805802224,-575.4771181352664
default,5,RPS6,-52.21008175312493,-593.7360386706498
default,5,BAG1,44.77097423204285,-437.00791756273475
default,5,DCAF12,54.41205272896243,-644.7355453323526
default,5,ISCA1,46.48151405447953,-470.918918936546
default,5,HEMGN,38.01419660348447,-315.4732547180655
default,5,RPL35,-52.56392175947603,-601.7893204147919
default,5,RPL12,-49.57600077865044,-535.4936219409492
default,5,DPM2,38.159620214272366,-317.8803530374586
default,5,SET,-39.532547021677296,-341.0578370841383
default,5,RPL7A,-51.42223998696154,-576.0002644907705
default,5,EDF1,-40.55469655024603,-358.8448299701604
default,5,VIM,-43.96881024647252,-421.5426950649638
default,5,MARCH8,45.80087555777969,-457.2732946265546
default,5,NCOA4,50.79603841431572,-562.0955160957913
default,5,RPS24,-52.78385786167342,-606.8223862844061
default,5,IFIT1B,52.664286585516344,-604.0834860543332
default,5,MXI1,46.68115861108547,-474.9595914251255
default,5,RPLP2,-52.785819880829095,-606.8673800650064
default,5,HBB,67.31458213719449,-985.8753450054535
default,5,HBD,55.42220115362403,-668.8357759058271
default,5,RPL27A,-51.98189684360195,-588.5714540862242
default,5,RPS13,-49.53145982123971,-534.5346698880246
default,5,FTH1,-44.23013610555343,-426.550220091404
default,5,EEF1G,-49.283233172277725,-529.2062066408796
default,5,SF1,-44.696708944638374,-435.56439648870236
default,5,FAU,-47.153081465268656,-484.5797834783891
default,5,NEAT1,-47.998966731812004,-502.06518386296466
default,5,MALAT1,-67.2416933857759,-983.7451729695268
default,5,CFL1,-48.73852305042538,-517.6071450407576
default,5,RPS3,-53.207562924139545,-616.5777435531379
default,5,RPS25,-48.17270430869128,-505.69498522328473
default,5,HSPA8,-42.884638534116625,-401.08439942505163
default,5,GAPDH,-40.313100172913565,-354.59975289542626
default,5,CD69,-38.273024401040914,-319.76382494310826
default,5,YBX3,50.89857082915799,-564.3605841133301
default,5,ARHGDIB,-44.30287653456901,-427.9493458985368
default,5,PFDN5,-39.766074139856244,-345.08160655471687
default,5,ATP5MC2,-42.0995134098611,-386.5876263770656
default,5,HNRNPA1,-46.880790156954305,-479.0173010591953
default,5,RPS26,-50.31224196144905,-551.4694262103477
default,5,RPL41,-54.78565864712588,-653.597451829602
default,5,NACA,-42.46525563851732,-393.3075056945749
default,5,NAP1L1,-40.99860988958612,-366.71084711011275
default,5,BTG1,-54.75813573385057,-652.9425425508585
default,5,SLC25A3,-38.26452318541546,-319.62243909753977
default,5,RPL6,-50.990772718737624,-566.4013353837138
default,5,RPLP0,-52.00428832216241,-589.0772475815186
default,5,RNF10,47.7369695186964,-496.616202688871
default,5,UBC,-48.4635801538887,-511.80142419384674
default,5,RPL21,-42.55490742362406,-394.9635623295871
default,5,HMGB1,-50.86459719242524,-563.609558823494
default,5,N4BP2L2,-41.09497521503987,-368.4297118991045
default,5,TPT1,-53.792892567238695,-630.1825403873933
default,5,COMMD6,-40.819095545431516,-363.5196040066827
default,5,ARGLU1,-45.0229922097977,-441.9243285400195
default,5,HNRNPC,-38.153260565974655,-317.77489418308966
default,5,NFKBIA,-38.22131452748444,-318.9043099340303
default,5,RPS29,-53.824909389110616,-630.9309968081695
default,5,RPL36AL,-38.34115122267849,-320.89799200196506
default,5,LGALS3,56.252098826410794,-688.9670512056315
default,5,SRSF5,-52.46690589716695,-599.5758629340614
default,5,FOS,-51.33287443807115,-574.0054970926933
default,5,CALM1,-49.47166247349777,-533.2486070710463
default,5,GLRX5,59.81490703273377,-778.7894061730914
default,5,HSP90AA1,-48.82213004707239,-519.3791052269693
default,5,SRP14,-42.2838235117132,-389.96674762999726
default,5,CCNDBP1,42.48617430163731,-393.69360526404387
default,5,EPB42,49.664367102931045,-537.3986688769212
default,5,B2M,-62.265427323813505,-843.7686760294403
default,5,RPL4,-49.0163152983884,-523.5063610580518
default,5,RPLP1,-56.30587480501979,-690.281839754816
default,5,RPS17,-47.79203876457379,-497.7590517218373
default,5,HBM,46.42007995600959,-469.6790150624726
default,5,HBA2,66.81479809057124,-971.3154873459312
default,5,HBA1,65.3708612821859,-929.8596002985345
default,5,RPS2,-56.22814605939754,-688.381825414561
default,5,SRRM2,-45.554080089899436,-452.3751510604786
default,5,GSPT1,43.575909405179985,-414.06971881262535
default,5,RPS15A,-50.30969966341842,-551.4138556369782
default,5,CORO1A,-43.086023927347426,-404.84595324992233
default,5,FUS,-48.22298300116603,-506.7478743622899
default,5,AHSP,51.3116070871967,-573.5312900026601
default,5,GABARAPL2,51.06171246173765,-567.9739928898159
default,5,PLCG2,-52.735522973322404,-605.714479684371
default,5,COX4I1,-44.98662980173217,-441.21326232187994
default,5,CYBA,-46.07945625641137,-462.8340453792554
default,5,RPL13,-57.74253861136254,-725.8721829292386
default,5,PFN1,-48.303896775231976,-508.444598687089
default,5,EIF4A1,-43.93451654560694,-420.8877595946588
default,5,RPL26,-51.7825307167701,-584.0776371726831
default,5,UBB,65.04332638411692,-920.5819325404467
default,5,RPL23A,-51.7267536867941,-582.8234828070114
default,5,RPL23,-49.415034541315,-532.032139992745
default,5,RPL19,-52.954857979465466,-610.7501015041819
default,5,EIF1,-51.65529611645723,-581.2187228246944
default,5,RPL27,-49.72762530674334,-538.7645038860192
default,5,SLC4A1,45.708642442431,-455.4396521385438
default,5,SLC25A39,55.68233522918597,-675.1138142916643
default,5,NME2,-37.79449209240758,-311.8540426716744
default,5,LIMD2,-39.80495802877303,-345.75389080580203
default,5,DDX5,-60.350304068965215,-792.7636802110584
default,5,RPL38,-48.22948316542448,-506.88407480358
default,5,SUMO2,-39.98454002876059,-348.8672934785473
default,5,H3F3B,-59.02918341457134,-758.5067595122523
default,5,RNF213,-37.7428056381779,-311.00565095031817
default,5,ACTG1,-47.46622909024515,-491.01668757473294
default,5,MYL12A,-39.502252821398294,-340.5375897947665
default,5,ANKRD12,-40.9673502926138,-366.1541366178134
default,5,RIOK3,50.492091982621005,-555.4077806815989
default,5,RPL17,-52.76337635932021,-606.3527963486015
default,5,FECH,45.05500122522736,-442.55073923896373
default,5,CDC34,41.54095726157991,-376.437169514793
default,5,BSG,46.67703160527526,-474.8758884477026
default,5,CIRBP,-42.08033037907113,-386.2367739720581
default,5,RPS15,-50.57025788901004,-557.12383485811
default,5,TLE5,-42.78765649972403,-399.2792117220601
default,5,EEF2,-44.97293469985377,-440.9456036479749
default,5,RPL36,-51.665637050309556,-581.4508173912515
default,5,RPS28,-53.66821327569357,-627.2721566871223
default,5,JUNB,-53.66681852467574,-627.2396372404462
default,5,NFIX,47.92231007092734,-500.46780561925857
default,5,IER2,-45.224791344468485,-445.8809380393231
default,5,KLF2,-49.35967645707384,-530.844297088139
default,5,RPL18A,-52.57709903401759,-602.090280639187
default,5,JUND,-50.74049297546022,-560.8703544907218
default,5,FKBP8,52.878235146497275,-608.9885758682381
default,5,GMFG,-40.354674682264,-355.32845173077624
default,5,RPS16,-52.89185478610047,-609.3014992012835
default,5,BLVRB,53.83920038274851,-631.2652206537975
default,5,RPS19,-54.62468200120075,-649.7716668363221
default,5,FOSB,-40.688543207156464,-361.2075478641001
default,5,SNRPD2,-37.80697459358765,-312.05910673549613
default,5,NOP53,-44.90894008832124,-439.6959645339772
default,5,EMP3,-39.1120061704755,-333.87143395983276
default,5,RPL18,-52.70629565348614,-605.0450386881536
default,5,CD37,-40.905101722000985,-365.04679844519126
default,5,RPL13A,-56.02481425989559,-683.4239549342776
default,5,RPS11,-47.188036111579244,-485.2961828705128
default,5,RPS9,-52.30631436906019,-595.9208800720705
default,5,RPL28,-55.868466834233,-679.6239190308271
default,5,RPS5,-48.507272811240085,-512.7218494661307
default,5,PSMF1,45.26591568231503,-446.68941770952034
default,5,BCL2L1,53.57821020068495,-625.1754128000234
default,5,RBM39,-47.49894588977341,-491.691653602347
default,5,YWHAB,-41.44800335139551,-374.76109171647556
default,5,STK4,-41.6573929500943,-378.5419448720035
default,5,ZFAS1,-48.093396059584286,-504.03641711436086
default,5,FAM210B,52.54479857807675,-601.352693695898
default,5,RBM38,45.10610740058208,-443.55179986053304
default,5,GNAS,-42.484248712545536,-393.6580563786817
default,5,RPS21,-56.688536196209434,-699.6739218162
default,5,SON,-50.227591503686085,-549.620611126299
default,5,MIF,-39.2836229972064,-336.7948338918616
default,5,FBXO7,43.56641156709217,-413.88989936346616
default,5,DDX17,-39.24302949743381,-336.1021913609356
default,5,RPL3,-55.158689490709214,-662.5061770199823
default,5,SLC25A6,-42.11373414551861,-386.8478228491301
default,5,TMSB4X,-53.12237642400779,-614.6101555219429
default,5,ALAS2,60.850291083087335,-805.9261071119842
default,5,RPS4X,-50.484537948656914,-555.2420799874135
default,5,RPL36A,-50.18497353321971,-548.6909872625392
default,5,TSC22D3,-49.611788112135855,-536.2647353590152
default,5,RPL39,-51.65373743015186,-581.1837432963406
default,5,RPL10,-56.47674741758819,-694.4678995480849
default,5,MPP1,55.833449736384296,-678.7742804876837
default,5,RPS4Y1,-42.63214436338368,-396.39308819589064
default,5,EIF1AY,47.56465531645658,-493.0486799230349
default,5,MT-ND1,-66.42061959489484,-959.9086634620722
default,5,MT-ND2,-65.86452768022164,-943.9310762663284
default,5,MT-CO1,-65.70537774178628,-939.3831056677468
default,5,MT-CO2,-66.53867121695787,-963.3177904263268
default,5,MT-ATP6,-66.69401161156841,-967.8129726507763
default,5,MT-CO3,-66.78864911113439,-970.5566931677905
default,5,MT-ND3,-66.41606583690753,-959.7772800051606
default,5,MT-ND4L,-52.86504486121861,-608.6855940951575
default,5,MT-ND4,-66.49289684166942,-961.9951872650139
default,5,MT-ND5,-64.36230276959873,-901.4405486798736
default,5,MT-CYB,-66.46910540779629,-961.3081177389832
default,9,SMIM1,45.517226329907615,-451.6459842646867
default,9,RHCE,46.40517975109232,-469.3785360756075
default,9,ATP5IF1,41.448635484229136,-374.7724772140573
default,9,YBX1,42.0585343421147,-385.8383242390983
default,9,SLC2A1,40.89502152459466,-364.86764030602586
default,9,UROD,49.924120498755435,-543.0181946465418
default,9,TAL1,40.28841189715688,-354.16738319495323
default,9,NFIA,44.063580146011326,-423.35524968556257
default,9,GCLM,44.30732212868255,-428.03492915358095
default,9,TLCD4,47.212322687232806,-485.7942512435774
default,9,ANP32E,37.88501414004187,-313.3426829234731
default,9,SELENBP1,38.89983050043999,-330.2748071311723
default,9,HDGF,45.17712183834784,-444.94470299355356
default,9,SPTA1,49.253559709756,-528.5710224270905
default,9,ACKR1,38.6237029936446,-325.623381075275
default,9,MGST3,49.05456610951609,-524.3212819935574
default,9,MPC2,39.84005008395088,-346.3611793780141
default,9,UBE2T,41.60362311911622,-377.5692314213161
default,9,CR1L,38.13047013779432,-317.39711611773305
default,9,CENPF,49.823203422485314,-540.8314672180732
default,9,LBR,40.06704571965148,-350.3023824370774
default,9,H3F3A,39.83463043927785,-346.2673543536862
default,9,ABCB10,47.15091511114009,-484.5354012623774
default,9,MBOAT2,41.748914141378066,-380.20047830713986
default,9,ADD2,40.145832311181714,-351.67553978148254
default,9,BOLA3,37.77721195234378,-311.5702740080404
default,9,HTRA2,41.99829203804518,-384.73811725546346
default,9,GYPC,48.83324512261547,-519.6149057999762
default,9,CPOX,47.32512489255956,-488.1109519705477
default,9,SMC4,43.478978343100465,-412.23639420330903
default,9,TFRC,48.962386959469846,-522.3585145609328
default,9,SNCA,37.91666370288823,-313.86400085034364
default,9,GYPB,47.689938961231924,-495.6412223583415
default,9,GYPA,49.0525970903079,-524.2793171812372
default,9,HMGB2,50.804336642822065,-562.2786645012776
default,9,RFESD,42.672196931798204,-397.1354134240559
default,9,PTTG1,43.0518593420405,-404.2065740862573
default,9,TMEM14B,37.97635403599938,-314.84837732236315
default,9,DEK,39.84269050643006,-346.40689505653285
default,9,HIST1H1B,38.86086651542027,-329.6164452964093
default,9,HLA-A,-38.221157997882884,-318.9017098804338
default,9,TRIM10,40.506860052753744,-358.00228595335466
default,9,HLA-E,-37.94668963186292,-314.3589768300659
default,9,TUBB,48.20077355764327,-506.28264975068817
default,9,HLA-B,-38.25620331188828,-319.48409956675215
default,9,TSPO2,41.3799877276709,-373.5370591405741
default,9,RHAG,48.662024376912036,-515.9884965771307
default,9,SLC22A16,43.13691451603352,-405.79929357587935
default,9,CENPW,39.32699146420439,-337.5356155790659
default,9,EIF2AK1,39.45729534518162,-339.76626182064086
default,9,AQP1,42.22327346393282,-388.85500335443845
default,9,CD36,43.45098276344045,-411.70765337882256
default,9,PRKAR2B,41.06692658517046,-367.9289936637036
default,9,KEL,38.63039765895243,-325.73576270168047
default,9,DMTN,40.950957809608894,-365.86236804066067
default,9,SLC25A37,46.39948250698994,-469.26367036504143
default,9,ANK1,47.78030080338602,-497.5153440610913
default,9,CA1,49.8782294396033,-542.0232534906181
default,9,CA2,51.711899558580114,-582.4897133826715
default,9,CTSL,38.204095316678824,-318.61835193697766
default,9,HEMGN,49.93113149829672,-543.1702771362837
default,9,ANP32B,43.73575135944947,-417.1018286130291
default,9,SMC2,41.934147202463045,-383.5683698170225
default,9,ALAD,43.861936439591226,-419.50332016462164
default,9,STOM,38.80786761971661,-328.72199778408617
default,9,AK1,42.56037278027486,-395.06463175938336
default,9,ST6GALNAC4,38.20751689104059,-318.67516349245193
default,9,GFI1B,38.48337648210766,-323.2722329413976
default,9,UBAC1,47.85980721669236,-499.1672535414415
default,9,ZWINT,37.726411256772536,-310.736792517144
default,9,CDK1,40.13071605388345,-351.4118723841756
default,9,DNAJC9,42.35836432111619,-391.33755818542795
default,9,MINPP1,42.726583824648614,-398.1445224897936
default,9,UROS,40.08613552226988,-350.6348478684769
default,9,MKI67,48.829013345268045,-519.525124511935
default,9,HBB,38.587095375874014,-325.00920239210603
default,9,HBD,45.895926825848214,-459.1668271968268
default,9,SOX6,40.914637474968686,-365.2163206164446
default,9,CAT,43.60193875080126,-414.5627245658793
default,9,FTH1,37.89240603182343,-313.4644000619744
default,9,HMBS,49.343469645862314,-530.496792122616
default,9,PTMS,43.73849184683923,-417.1539107807628
default,9,HEBP1,39.94144166157117,-348.1188230878465
default,9,TUBA1B,49.012219284938695,-523.4191344895232
default,9,NFE2,38.31453792685609,-320.4546973388421
default,9,TESC,41.17519681841804,-369.86369601840033
default,9,KMT5A,39.74685414529713,-344.749544186946
default,9,HMGB1,39.11288160666622,-333.88631410579285
default,9,TFDP1,48.634893874543486,-515.415047911107
default,9,CDKN3,41.103637495751954,-368.58441812283405
default,9,DLGAP5,41.70356214158293,-379.3781616863128
default,9,SPTB,42.00961874034277,-384.9448569119666
default,9,GLRX5,38.395480755814305,-321.8039071771218
default,9,NUSAP1,47.731543368730826,-496.50366534581417
default,9,EPB42,40.140009178966025,-351.57395725310715
default,9,CCNB2,38.6493131549524,-326.05339739512016
default,9,PCLAF,40.22760793842798,-353.1036418895922
default,9,DNAJA4,41.35411287853511,-373.071933680358
default,9,IDH2,41.78978581549949,-380.94232305202866
default,9,PRC1,46.78781828544929,-477.12540301581186
default,9,HBM,48.80481377640938,-519.0118563723036
default,9,HBA1,38.47895748654043,-323.19833218196635
default,9,NME4,44.43069570762703,-430.41344765010047
default,9,HAGH,43.8364812174998,-419.0183125670081
default,9,AHSP,51.60232202569431,-580.0304868222552
default,9,TOP2A,43.668536790642776,-415.82545572755157
default,9,TUBG1,42.645444093769584,-396.63950516564904
default,9,SLC4A1,48.51283082313757,-512.8389934202175
default,9,SLC25A39,41.70721612476927,-379.4443821725193
default,9,CDC27,38.829178217769815,-329.08150423419903
default,9,MYL4,43.205526765688,-407.0863957039248
default,9,BIRC5,43.52297462475226,-413.0680210297751
default,9,FECH,41.80255538924964,-381.17424692576856
default,9,BSG,39.82240960858572,-346.0558338101252
default,9,EPOR,43.2200200382204,-407.3585374539491
default,9,PRDX2,51.908226913138115,-586.9088852252802
default,9,KLF1,48.0525967924763,-503.18424839796216
default,9,RAD23A,43.65925980506191,-415.6494441667316
default,9,BLVRB,48.89862624402832,-521.0030180286126
default,9,SLC1A5,38.66041713212644,-326.23993105149066
default,9,TPX2,43.017540305611895,-403.564814504742
default,9,MYBL2,40.08341440228217,-350.5874475432609
default,9,FAM210B,41.11451229200176,-368.7786854434553
default,9,C21orf58,41.01903099990638,-367.0747611418844
default,9,OSBP2,38.80796445672685,-328.72363096349034
default,9,H1F0,46.33470823084126,-467.9587063311621
default,9,RBX1,38.83666371866127,-329.20783023723277
default,9,SLC38A5,39.72046606000708,-344.2939004409568
default,9,GATA1,40.21545166574268,-352.89116516242575
default,9,ALAS2,39.41751147347521,-339.08442813087225
default,9,HMGB3,40.13895042765408,-351.5554892836941
default,11,CD52,40.00479050618125,-349.2192530073288
default,11,RALGPS2,38.646655284143755,-326.0087562529222
default,11,IGKC,49.843823275503766,-541.2779102902691
default,11,BANK1,39.644627212592006,-342.98607154545823
default,11,CD74,46.66415297209843,-474.61473452346246
default,11,LTB,37.8353377801192,-312.5253120433081
default,11,HLA-DRA,46.55059517260805,-472.31511697796697
default,11,HLA-DRB1,45.75666316728324,-456.3938684120907
default,11,HLA-DQA1,42.88704867893314,-401.12931295815594
default,11,HLA-DQB1,39.76479240149465,-345.05945707008755
default,11,HLA-DPA1,43.50138014124976,-412.6597326400734
default,11,HLA-DPB1,45.16475321812151,-444.701942922008
default,11,MS4A1,45.219332539044544,-445.7736764092932
default,11,IGHD,40.44402095730527,-356.897010534105
default,11,IGHM,41.992302932691025,-384.62882413347387
default,11,LINC00926,37.91897715421426,-313.90212407101615
default,11,CD79B,43.44311120423795,-411.5590478015404
default,11,CD79A,47.04989091229179,-482.4679756394258
default,11,CD37,46.32633850691935,-467.7902199740303
default,11,TNFRSF13C,38.21462062274635,-318.79312952783346
default,12,GZMA,45.625017849431174,-453.78034341912326
default,12,HLA-A,43.620248687095796,-414.90969795490514
default,12,HLA-C,47.29338916253456,-487.45861385301635
default,12,HLA-B,42.51597304725552,-394.243934127848
default,12,CD3D,43.415686390945304,-411.04151037388084
default,12,CALM1,41.73719328439414,-379.9878716900915
default,12,B2M,50.407431801869016,-553.5521433952116
default,12,IL32,50.79574087168409,-562.088949651925
default,12,CCL5,56.47319002798291,-694.3806209417821
default,12,GZMM,41.73245648450478,-379.9019669901586
default,12,HCST,44.7181509113574,-435.9809258735076
default,12,NKG7,47.58238088383364,-493.41506806115245
default,12,CST7,45.22502076255166,-445.88544622413144
default,12,TMSB4X,41.54888275801882,-376.58024985762336
default,13,SLC25A37,39.11351572840454,-333.8970927393185
tie_correct,0,RPL22,78.21690212199388,-1330.473014268615
tie_correct,0,TCEA3,40.735778281162254,-362.04321763203194
tie_correct,0,RPL11,82.32948957472072,-1473.8691331476475
tie_correct,0,RCAN3,70.97421693684487,-1095.7936143238762
tie_correct,0,NCMAP-DT,38.61198458386774,-325.4267139642614
tie_correct,0,LDLRAP1,49.27879677354332,-529.1112176732146
tie_correct,0,CD52,55.65917533218277,-674.5536852828436
tie_correct,0,LCK,60.741699546907725,-803.0581498135338
tie_correct,0,NDUFS5,42.19461878825208,-388.32943677162666
tie_correct,0,RPS8,76.0600043688995,-1258.203063942567
tie_correct,0,RPL5,77.17795667563976,-1295.4094858156823
tie_correct,0,CD2,59.96012443202664,-782.5673915331218
tie_correct,0,TXNIP,44.5399077113852,-432.5244582233143
tie_correct,0,RPS27,80.0059302288701,-1391.9496369205422
tie_correct,0,SSR2,43.374125673529335,-410.2578346041546
tie_correct,0,CD48,67.08940202967393,-979.3019066708791
tie_correct,0,TSTD1,43.065629873553604,-404.46422417932035
tie_correct,0,CD247,43.85206472743672,-419.31519745757095
tie_correct,0,GAS5,70.52297439288166,-1081.9260912623045
tie_correct,0,TRAF3IP3,40.35918123137466,-355.40748551282326
tie_correct,0,TOMM20,48.21213743268704,-506.5206638285363
tie_correct,0,CHRM3-AS2,45.7112064358038,-455.4905757647029
tie_correct,0,SH3YL1,48.94667738679057,-522.024379063598
tie_correct,0,RPS7,71.10926529789074,-1099.9610915445642
tie_correct,0,OST4,44.909188665617215,-439.700815127109
tie_correct,0,LBH,37.787671311603596,-311.7420186165951
tie_correct,0,ZFP36L2,37.757922792942956,-311.2536669695981
tie_correct,0,RPS27A,81.4453365897132,-1442.421090251701
tie_correct,0,AAK1,37.99785809906573,-315.2033880595042
tie_correct,0,TRABD2A,56.96169227787033,-706.417181637191
tie_correct,0,TMSB10,50.60904166567468,-557.976278366584
tie_correct,0,MAL,74.47813287133754,-1206.484235291029
tie_correct,0,MGAT4A,47.17406451936688,-485.00976989107295
tie_correct,0,RPL31,74.02783027873502,-1191.960397508874
tie_correct,0,MZT2B,43.383883605429595,-410.4417644324045
tie_correct,0,MZT2A,41.147459281012004,-369.3675636667481
tie_correct,0,CXCR4,39.26121923164407,-336.41247240965686
tie_correct,0,ZEB2,-43.61717771310512,-414.8514928248096
tie_correct,0,CYTIP,43.18751795680791,-406.7483693802352
tie_correct,0,ITGA6,39.17599841598243,-334.9600127387505
tie_correct,0,CD28,39.379650699607794,-338.4361912828225
tie_correct,0,EEF1B2,73.80540064527472,-1184.818748832223
tie_correct,0,RPL37A,73.94936289851746,-1189.4385573804127
tie_correct,0,ARL4C,39.81657974048002,-345.95495214195665
tie_correct,0,RPL32,84.27103449635258,-1544.1182211605258
tie_correct,0,OXNAD1,61.55115514878814,-824.5594395639546
tie_correct,0,RPL15,60.82465987594844,-805.2487123788004
tie_correct,0,RPSA,69.95804270268702,-1064.6893216246017
tie_correct,0,RPL14,81.23634451015872,-1435.0371459910095
tie_correct,0,TMA7,49.79828328672292,-540.2921645080273
tie_correct,0,RPL29,74.49472944659159,-1207.021215399628
tie_correct,0,RPL24,76.22763449293959,-1263.7473535632064
tie_correct,0,TRAT1,51.746551601018766,-583.2684870746632
tie_correct,0,RPL35A,80.89988642182122,-1423.1895177339131
tie_correct,0,RPL9,82.55860835984463,-1482.0739368113063
tie_correct,0,RHOH,39.98035162298429,-348.79451991068976
tie_correct,0,OCIAD2,45.947433163499724,-460.1945321507395
tie_correct,0,LEF1,64.2145674933917,-897.3147655992254
tie_correct,0,RPL34,84.97829887496913,-1570.1152485275038
tie_correct,0,SNHG8,53.068748342084774,-613.373101355237
tie_correct,0,INPP4B,40.93417543478957,-365.56378063382715
tie_correct,0,RPS3A,81.52022026837346,-1445.0714370078622
tie_correct,0,LINC02273,40.988027209718304,-366.5223298569917
tie_correct,0,RETREG1,41.821886909642146,-381.5254850286534
tie_correct,0,IL7R,70.51181556465683,-1081.584279931009
tie_correct,0,FYB1,45.580499138801144,-452.8982256170759
tie_correct,0,RPL37,80.01546287489877,-1392.2809309760844
tie_correct,0,BTF3,54.29163098404971,-641.8920639968183
tie_correct,0,NSA2,50.29467064083898,-551.0854025353732
tie_correct,0,RPS23,74.21530619833037,-1197.996455674232
tie_correct,0,COX7C,61.48684746991673,-822.8408542350189
tie_correct,0,CAMK4,49.09265904403917,-525.1334706565453
tie_correct,0,TNFAIP8,37.84635578044064,-312.70650891844184
tie_correct,0,HINT1,56.5790910820445,-696.9811980943317
tie_correct,0,TCF7,64.994665803965,-919.2075598267367
tie_correct,0,NDFIP1,46.13468657301384,-463.9404995582028
tie_correct,0,RPS14,84.404092788353,-1548.992477251241
tie_correct,0,ITK,40.959509956513806,-366.0145725113918
tie_correct,0,NPM1,66.94392641867877,-975.0669014249581
tie_correct,0,RACK1,64.0901333572881,-893.8470626884074
tie_correct,0,HIST1H4C,45.25468433044246,-446.4685432387881
tie_correct,0,HLA-C,44.890880331599334,-439.343628682323
tie_correct,0,LTB,68.00996012252612,-1006.313732589677
tie_correct,0,SNHG32,51.2529608912369,-572.2246483445689
tie_correct,0,GPSM3,41.533837942062846,-376.30866646678595
tie_correct,0,HLA-DRA,-39.887290677643364,-347.179549577846
tie_correct,0,HLA-DRB1,-39.04950559569696,-332.80994576852424
tie_correct,0,RPS18,80.19013487004685,-1398.3584026222713
tie_correct,0,CUTA,38.730095536651106,-327.4116671283923
tie_correct,0,RPS10,72.39550798099367,-1140.0503382976885
tie_correct,0,RPL10A,75.82683936519959,-1250.511527382482
tie_correct,0,EEF1A1,78.6395917254477,-1344.8725656519337
tie_correct,0,RPS12,84.04266555339963,-1535.77041947116
tie_correct,0,TNFAIP3,45.59297178037891,-453.1452785288524
tie_correct,0,ABRACL,38.99664645262145,-331.9135275847944
tie_correct,0,NDUFA4,39.382229508339194,-338.4803248577332
tie_correct,0,TOMM7,71.58698260873591,-1114.7665929754764
tie_correct,0,LRRN3,41.388145719518235,-373.6837671945975
tie_correct,0,TRBC1,54.62650695472379,-649.8149757926061
tie_correct,0,TRBC2,66.66622802231892,-967.0082121456003
tie_correct,0,GIMAP7,60.364320493399596,-793.131191407949
tie_correct,0,GIMAP4,41.3757200336509,-373.4603231973324
tie_correct,0,GIMAP1,43.19866450055497,-406.95757401272675
tie_correct,0,GIMAP5,38.4990457718702,-323.5343455043962
tie_correct,0,SARAF,67.59825592856123,-994.1876639060671
tie_correct,0,LEPROTL1,72.1387402344114,-1131.99008534691
tie_correct,0,AC026979.2,38.401469686687264,-321.90384770549326
tie_correct,0,RPS20,76.14256258123335,-1260.9321141789467
tie_correct,0,SNHG6,58.25450406248202,-738.7716241976879
tie_correct,0,RPL7,69.48626033689712,-1050.4008397164703
tie_correct,0,UQCRB,61.98828905110461,-836.289174506129
tie_correct,0,RPL30,84.87354131226971,-1566.2509546078636
tie_correct,0,COX6C,47.514446667422426,-492.01160561443675
tie_correct,0,EIF3E,60.90567762666188,-807.3908653305483
tie_correct,0,EIF3H,42.24902210886707,-389.3275733062507
tie_correct,0,LINC00861,40.70182954648976,-361.4425081912057
tie_correct,0,EEF1D,62.56733797102777,-851.9546949133068
tie_correct,0,RPL8,63.832962198041265,-886.7015790333038
tie_correct,0,RPS6,78.33174274970294,-1334.3775557454694
tie_correct,0,AQP3,39.665094837800005,-343.33878655495164
tie_correct,0,SUSD3,39.58875013246816,-342.0240773305629
tie_correct,0,AL499604.1,51.62270570190893,-580.4875589257682
tie_correct,0,ATP6V1G1,42.544144552967715,-394.7645652472714
tie_correct,0,RPL35,67.31715121412752,-985.9504683042671
tie_correct,0,RPL12,71.28563310373175,-1105.4155757782942
tie_correct,0,FAM102A,46.636673218420086,-474.05773865751627
tie_correct,0,RPL7A,67.51603706041831,-991.7748589977869
tie_correct,0,PRKCQ-AS1,69.14931671093686,-1040.2552664119632
tie_correct,0,VIM,38.16996684615826,-318.0519635477393
tie_correct,0,PPA1,40.02975473923494,-349.6533840119682
tie_correct,0,SPOCK2,52.6812269124006,-604.471143866894
tie_correct,0,ANAPC16,44.088533157697995,-423.83314555749484
tie_correct,0,RPS24,60.649424891637175,-800.6251532827987
tie_correct,0,ABLIM1,41.62616898398121,-377.9769405546931
tie_correct,0,RGS10,54.78765589842099,-653.6449893357482
tie_correct,0,IFITM2,41.305571630949665,-372.2001416997373
tie_correct,0,IFITM1,50.067415580934224,-546.130788213278
tie_correct,0,RPLP2,79.45748567227648,-1372.955638463482
tie_correct,0,HBB,-57.529585006824576,-720.5401325602936
tie_correct,0,EIF3F,39.34149474486456,-337.7835298962774
tie_correct,0,RPL27A,77.21582634634257,-1296.6793243396694
tie_correct,0,RPS13,81.0219240383024,-1427.4811214787537
tie_correct,0,CD6,42.79592498231264,-399.4329590008
tie_correct,0,CD5,37.74678802059376,-311.07097734201545
tie_correct,0,EEF1G,69.7366960102109,-1057.9735429363227
tie_correct,0,PLAAT4,49.83588567976435,-541.1060305400686
tie_correct,0,FAU,67.36113641469332,-987.2370998633148
tie_correct,0,CORO1B,39.76893016473027,-345.1309635592383
tie_correct,0,RPS3,79.52968807980396,-1375.44872172255
tie_correct,0,TMEM123,46.414073332709506,-469.55787331593723
tie_correct,0,CD3E,81.9865414344437,-1461.6306661600142
tie_correct,0,CD3D,86.08249615708226,-1611.13668109597
tie_correct,0,CD3G,82.71734970189544,-1487.7718734907614
tie_correct,0,ATP5MG,43.771495070719766,-417.7813835012486
tie_correct,0,RPS25,82.67992390871686,-1486.42750862418
tie_correct,0,ETS1,44.67682379012708,-435.1782879354269
tie_correct,0,AC005842.1,45.03743332648107,-442.2068835438263
tie_correct,0,CD27,73.48546444746289,-1174.58408587421
tie_correct,0,C12orf57,66.08149881172747,-950.1490990686048
tie_correct,0,LINC02446,38.68104018966522,-326.5865159628261
tie_correct,0,YBX3,-44.97936056576642,-441.0711813852216
tie_correct,0,ARHGDIB,38.62889075603884,-325.71046501324594
tie_correct,0,LDHB,77.70477028874856,-1313.130422655611
tie_correct,0,NELL2,44.47515995989607,-431.2722934092992
tie_correct,0,PCED1B-AS1,66.5558325668044,-963.8138843341517
tie_correct,0,PFDN5,58.922019140323656,-755.7611960233511
tie_correct,0,ATP5MC2,38.83849990081166,-329.2388215307605
tie_correct,0,HNRNPA1,40.5929651867631,-359.51957038830955
tie_correct,0,RPS26,68.99679304357295,-1035.6788957474382
tie_correct,0,RPL41,76.01855977402813,-1256.8341841982756
tie_correct,0,NACA,71.74529957209711,-1119.695042351522
tie_correct,0,RPL6,72.14867324591354,-1132.3013623988932
tie_correct,0,PEBP1,41.369227191685894,-373.34359279413223
tie_correct,0,RPLP0,52.61738165522315,-603.0107764908045
tie_correct,0,RPL21,78.71529327883282,-1347.459643322782
tie_correct,0,TPT1,86.32394022155643,-1620.1769791300699
tie_correct,0,ITM2B,46.714633022140745,-475.63878488379515
tie_correct,0,COMMD6,59.48810887473145,-770.3208903404602
tie_correct,0,GPR183,38.21397472561346,-318.78240272156484
tie_correct,0,TRAC,78.19791625514128,-1329.82805302659
tie_correct,0,RPS29,83.55231421850259,-1517.9226269504707
tie_correct,0,RPL36AL,52.38084133817572,-597.6156843111252
tie_correct,0,SRSF5,46.9122849317075,-479.6590436214144
tie_correct,0,CALM1,49.40993874336189,-531.9227416072126
tie_correct,0,LINC01550,39.58403494822229,-341.942961503517
tie_correct,0,BCL11B,67.67940760294866,-996.5720290805357
tie_correct,0,SNRPN,41.46721008931017,-375.1071063493154
tie_correct,0,B2M,55.50014507913228,-670.713780773182
tie_correct,0,RPL4,56.689626980210335,-699.7007850026995
tie_correct,0,RPLP1,69.33449264729943,-1045.8249227925373
tie_correct,0,RPS17,62.16790372046361,-841.1328732946382
tie_correct,0,HBA2,-53.27301821992929,-618.0917321322123
tie_correct,0,HBA1,-47.99590977617066,-502.00143391735384
tie_correct,0,RPS2,72.2077734858025,-1134.1543096904022
tie_correct,0,IL32,74.4173485087691,-1204.518586050888
tie_correct,0,SOCS1,38.70783517712874,-327.03710019112106
tie_correct,0,RPS15A,84.29249181363181,-1544.903736126734
tie_correct,0,LAT,54.73450072952276,-652.3804087546806
tie_correct,0,COX4I1,52.6008412406869,-602.632727188874
tie_correct,0,APRT,50.59459788022206,-557.658736553228
tie_correct,0,RPL13,83.0685075860918,-1500.4153760405577
tie_correct,0,RPL26,72.04038606772754,-1128.91021101761
tie_correct,0,SNHG29,61.99233958951638,-836.3982516723042
tie_correct,0,RPL23A,74.4386228828347,-1205.2063758523268
tie_correct,0,SLFN5,45.47748403432602,-450.86032730491775
tie_correct,0,RPL23,64.92197797858054,-917.1564748807903
tie_correct,0,RPL19,80.53489439964316,-1410.392716385549
tie_correct,0,CCR7,61.895488098812265,-833.7920838760571
tie_correct,0,EIF1,44.3521730549565,-428.8988455303878
tie_correct,0,RPL27,73.74221736493907,-1182.7940126339568
tie_correct,0,TOB1,38.83602215604718,-329.1970022145966
tie_correct,0,PRKCA,39.014058060544556,-332.20867051254294
tie_correct,0,RPL38,79.99696136770255,-1391.6379724628487
tie_correct,0,SOCS3,38.58679659541598,-325.0041920417351
tie_correct,0,CD7,59.694629545294084,-775.6671914324808
tie_correct,0,MYL12A,53.14616287969726,-615.1592441549267
tie_correct,0,RPL17,75.62786049087443,-1243.9663753507177
tie_correct,0,BCL2,39.53025390953,-341.01844315761616
tie_correct,0,GZMM,41.99485270655633,-384.6753521758376
tie_correct,0,CIRBP,40.402586348809926,-356.1691557706691
tie_correct,0,RPS15,75.51173259950482,-1240.1544435743488
tie_correct,0,TLE5,47.31565453637134,-487.91623999171696
tie_correct,0,EEF2,40.44896468151097,-356.98390347281463
tie_correct,0,RPL36,81.25688412209387,-1435.7619950588671
tie_correct,0,ALKBH7,38.909157733668486,-330.43250411381604
tie_correct,0,RPS28,82.06823925958565,-1464.5415054164318
tie_correct,0,EIF3G,39.61907779549803,-342.5460380442342
tie_correct,0,JUNB,55.08834845921499,-660.8216701499393
tie_correct,0,C19orf53,43.77446140613042,-417.8378040138209
tie_correct,0,DNAJB1,44.93741405590362,-440.2517634496683
tie_correct,0,KLF2,47.41915424802913,-490.04632231082763
tie_correct,0,RPL18A,70.74651642965313,-1088.7849032991232
tie_correct,0,UBA52,67.22128627227369,-983.1491888953954
tie_correct,0,FXYD5,44.951373909884595,-440.5243820274544
tie_correct,0,HCST,49.572502442089146,-535.4182727485411
tie_correct,0,EIF3K,44.74118087542855,-436.4285258159424
tie_correct,0,GMFG,44.94142085776919,-440.33000264883987
tie_correct,0,RPS16,81.07001063814803,-1429.1739223905927
tie_correct,0,BLVRB,-38.03981474456177,-315.8966284093938
tie_correct,0,RPS19,71.37745725498738,-1108.2607454943625
tie_correct,0,SNRPD2,48.74513702021247,-517.7472104707502
tie_correct,0,NOP53,60.89436184045322,-807.0914986254136
tie_correct,0,RPL18,76.76804354090588,-1281.704208433647
tie_correct,0,FLT3LG,57.56035895019409,-721.3094505640088
tie_correct,0,RPL13A,72.75777458232533,-1151.471016245336
tie_correct,0,RPS11,52.21732633370207,-593.9003778885
tie_correct,0,NOSIP,64.4059628218081,-902.6616511699908
tie_correct,0,RPS9,72.5180285166607,-1143.9064964866484
tie_correct,0,RPL28,78.72632528332954,-1347.8368664796237
tie_correct,0,RPS5,70.61339324345522,-1084.6977477240378
tie_correct,0,ZFAS1,40.49960764057652,-357.8746359536925
tie_correct,0,TSHZ2,43.193341612510416,-406.85766431400856
tie_correct,0,RPS21,78.24556157181668,-1331.4468893682654
tie_correct,0,LIME1,66.38952525743103,-959.011719510716
tie_correct,0,RGL4,43.12346996975941,-405.54732579714005
tie_correct,0,MIF,50.43207397469411,-554.0919456483227
tie_correct,0,SELENOM,40.00873143784619,-349.2877683015253
tie_correct,0,PIK3IP1,55.24677204366653,-664.6185819188527
tie_correct,0,RPL3,80.14247787496579,-1396.6989288543455
tie_correct,0,SMDT1,43.80307279579508,-418.3821965742472
tie_correct,0,TMSB4X,51.97366063521714,-588.3854639321008
tie_correct,0,UXT,49.314302294360786,-529.8716757006093
tie_correct,0,RPS4X,77.94651684557506,-1321.302622961444
tie_correct,0,ITM2A,43.977210717537794,-421.70320372248324
tie_correct,0,RPL36A,73.61275239756422,-1178.6506653396368
tie_correct,0,RPL39,79.4885298125592,-1374.027286894595
tie_correct,0,CD40LG,42.17791206619191,-388.0231767370356
tie_correct,0,RPL10,79.12258551536223,-1361.4214424668496
tie_correct,0,RPS4Y1,67.93222123303987,-1004.0184253138277
tie_correct,1,NADK,46.55023711606708,-472.3078749586581
tie_correct,1,VAMP3,37.73028683647916,-310.80033926893424
tie_correct,1,ENO1,46.59786793703936,-473.2717403610608
tie_correct,1,RBP7,84.79189845652853,-1563.242619470232
tie_correct,1,KIF1B,42.42775497335745,-392.61582455314385
tie_correct,1,PGD,76.46303948505718,-1271.5538645475049
tie_correct,1,AGTRAP,66.33444184692395,-957.4238198663652
tie_correct,1,TNFRSF1B,54.98872322393777,-658.4395492866279
tie_correct,1,EFHD2,57.900994401736895,-729.8524625388922
tie_correct,1,PADI2,46.841702342408205,-478.22144032484306
tie_correct,1,PADI4,62.99638440157555,-863.6559623339103
tie_correct,1,ARHGEF10L,48.907616923568206,-521.1940450570213
tie_correct,1,CDA,89.95221208869883,-1759.0774106912038
tie_correct,1,SH3BGRL3,52.86364940319858,-608.6535447452743
tie_correct,1,UBXN11,47.05665505077504,-482.6062630281691
tie_correct,1,FGR,76.41958618620139,-1270.1110533869673
tie_correct,1,THEMIS2,59.87426094845315,-780.3324551805716
tie_correct,1,PTAFR,83.48060449085295,-1515.3212894551832
tie_correct,1,LAPTM5,42.1658854302682,-387.8027849107041
tie_correct,1,KIAA0319L,38.19610033180928,-318.48562363458376
tie_correct,1,AGO4,48.40112684073901,-510.4872276642419
tie_correct,1,CSF3R,92.4869881761854,-1859.5075943859042
tie_correct,1,MYCL,50.64577126424861,-558.7841743463867
tie_correct,1,MFSD2A,38.005449950696025,-315.3287699275156
tie_correct,1,CAP1,48.61336622602992,-514.9602523222803
tie_correct,1,PPT1,56.34214534806723,-691.1693405014141
tie_correct,1,ATP6V0B,51.49086301430993,-577.5343823643997
tie_correct,1,WLS,51.56907787759452,-579.2854257099171
tie_correct,1,GNG5,38.22200240807775,-318.91573618262845
tie_correct,1,LMO4,38.03223151655229,-315.7712758516008
tie_correct,1,EVI5,47.57368473182478,-493.2353012319797
tie_correct,1,DPYD,51.178162697037514,-570.5603055604881
tie_correct,1,SLC25A24,38.800506140645574,-328.59785658831254
tie_correct,1,FAM102B,38.7452558372926,-327.6668870764088
tie_correct,1,SORT1,57.41902258526402,-717.7795741137975
tie_correct,1,C1orf162,54.44089023276911,-645.417410714666
tie_correct,1,SLC22A15,43.47281925590274,-412.12004090556627
tie_correct,1,NOTCH2,45.4166368952801,-449.6587816247336
tie_correct,1,FCGR1B,42.75660897023589,-398.7021671875337
tie_correct,1,NBPF14,38.92034064114701,-330.62162504235124
tie_correct,1,FCGR1A,60.16204330240436,-787.8357424308745
tie_correct,1,MTMR11,56.438604110587626,-693.5323607697726
tie_correct,1,PLEKHO1,51.20470445147836,-571.1506110171644
tie_correct,1,ADAMTSL4,41.4412955960255,-374.6402873946154
tie_correct,1,MCL1,51.24130200076471,-571.9650653112561
tie_correct,1,CTSS,66.73896806975803,-969.1158607117093
tie_correct,1,TNFAIP8L2,45.588174038189514,-453.0502388492619
tie_correct,1,SNX27,50.24484648658657,-549.997217536053
tie_correct,1,S100A10,55.25913592892682,-664.9153634831335
tie_correct,1,S100A11,70.81461208298425,-1090.8785546757233
tie_correct,1,S100A9,74.48660315859294,-1206.7582754277232
tie_correct,1,S100A12,105.89468979965595,-2437.143802665332
tie_correct,1,S100A8,81.61734242731642,-1448.5124939709776
tie_correct,1,S100A6,61.94470687681243,-835.1159984635689
tie_correct,1,S100A4,60.95760411347222,-808.7653282357805
tie_correct,1,TPM3,48.91164189028041,-521.2795758181474
tie_correct,1,IL6R,57.983511807330814,-731.9295487234301
tie_correct,1,ADAM15,52.20015828236628,-593.510967323473
tie_correct,1,LAMTOR2,37.7178472094583,-310.5963934446636
tie_correct,1,SEMA4A,59.59479446067159,-773.0803998396225
tie_correct,1,ARHGEF11,38.893315775624096,-330.1646840617715
tie_correct,1,CD1D,71.42381903694152,-1109.6986553859876
tie_correct,1,MNDA,105.82146038253082,-2433.776883976032
tie_correct,1,PEA15,40.14905034415964,-351.73168356821253
tie_correct,1,FCER1G,86.92733763661685,-1642.8804399120554
tie_correct,1,FCGR2A,73.89915655594059,-1187.8263930218327
tie_correct,1,CREG1,44.8817412197112,-439.16538362122543
tie_correct,1,F5,46.636073232159625,-474.045581001908
tie_correct,1,SELL,39.35332396589211,-337.98580231250713
tie_correct,1,SOAT1,42.47069982016715,-393.4079716617081
tie_correct,1,QSOX1,55.39934695913022,-668.2856199991717
tie_correct,1,GLUL,43.07863578175386,-404.70764356002053
tie_correct,1,NCF2,100.82270279795229,-2209.4505729586317
tie_correct,1,ARPC5,49.99411753954494,-544.5375263179634
tie_correct,1,PTGS2,61.387737412185984,-820.1957116270828
tie_correct,1,RGS18,79.10048865265112,-1360.662123732998
tie_correct,1,RGS2,62.560154729738926,-851.7594685811716
tie_correct,1,RNPEP,49.28478242339389,-529.2393801004231
tie_correct,1,SRGAP2,39.63476748927531,-342.8162255461056
tie_correct,1,G0S2,46.44363124445244,-470.1541491978869
tie_correct,1,ATF3,49.82440574362683,-540.8574937592161
tie_correct,1,MARC1,62.42254827991644,-848.0239219845009
tie_correct,1,HLX,51.59168047824458,-579.791938406548
tie_correct,1,TLR5,46.89063495739118,-479.2178540240744
tie_correct,1,CAPN2,44.09649056193226,-423.98560125918016
tie_correct,1,RHOU,42.05260242092854,-385.72991946900254
tie_correct,1,LYST,56.95320534328596,-706.2071815565324
tie_correct,1,NLRP3,80.46252194376638,-1407.8621745189475
tie_correct,1,FAM49A,40.8301479729995,-363.7156799657886
tie_correct,1,RHOB,68.92815495682775,-1033.6227514750144
tie_correct,1,FOSL2,57.64633377337788,-723.4609146584651
tie_correct,1,NLRC4,49.22736751563387,-528.0106751583287
tie_correct,1,QPCT,76.33609962311297,-1267.341289820632
tie_correct,1,CDC42EP3,47.92651023229914,-500.555262895919
tie_correct,1,CYP1B1,77.47662182500281,-1305.4411791195644
tie_correct,1,SLC8A1,67.36753564561455,-987.4243567407909
tie_correct,1,RHOQ,45.07514306622981,-442.94513944235734
tie_correct,1,RTN4,41.05188218873248,-367.66056496101913
tie_correct,1,CCDC88A,65.68931586034539,-938.9247220152555
tie_correct,1,ACTR2,49.52105710070201,-534.3108268251794
tie_correct,1,PLEK,51.29205157112048,-573.0954257005437
tie_correct,1,MXD1,56.61285518950166,-697.8113557870728
tie_correct,1,NAGK,50.63644039476539,-558.578879149325
tie_correct,1,DYSF,53.7906968473558,-630.1312274069379
tie_correct,1,HK2,55.18921912466559,-663.2379604425814
tie_correct,1,TMSB10,44.276991049416715,-427.4511882895259
tie_correct,1,CAPG,75.70322589476493,-1246.4433999464472
tie_correct,1,VAMP8,43.34256219046056,-409.66316926288556
tie_correct,1,TMEM127,37.86761756816836,-313.0563192557608
tie_correct,1,RNF149,44.82318977011201,-438.0242831209107
tie_correct,1,LIMS1,37.69024534429286,-310.1441048214109
tie_correct,1,IL1B,62.83412046087387,-859.2211839588379
tie_correct,1,IL1RN,67.1345996768327,-980.6195464450477
tie_correct,1,MARCO,47.407440638852066,-489.8050162797584
tie_correct,1,RALB,44.64469139093429,-434.5547383201816
tie_correct,1,PTPN18,39.845115505108154,-346.448883601693
tie_correct,1,HNMT,77.3798327785792,-1302.1859448432301
tie_correct,1,SPOPL,41.08405686719565,-368.2347592619898
tie_correct,1,KYNU,44.161955057193,-425.24087701838715
tie_correct,1,ZEB2,55.08376607619769,-660.7120070824417
tie_correct,1,NR4A2,40.811536983862226,-363.3855416219431
tie_correct,1,BAZ2B,46.8455642278658,-478.30004202942365
tie_correct,1,CD302,96.36539383129778,-2018.5740906748347
tie_correct,1,GCA,70.65124379708796,-1085.8590546548446
tie_correct,1,ITPRID2,38.890672044379194,-330.1200004292588
tie_correct,1,AC096667.1,66.3313030748535,-957.3333775782239
tie_correct,1,IDH1,39.47661091991556,-340.0975484558397
tie_correct,1,ARPC2,38.87388749916358,-329.8363833365923
tie_correct,1,GPBAR1,61.53905646445399,-824.2359721322981
tie_correct,1,SLC11A1,85.56237584276502,-1591.7480160163732
tie_correct,1,CYP27A1,46.140403430525915,-464.05510360232626
tie_correct,1,PID1,53.673164261432134,-627.3875986740538
tie_correct,1,LRRFIP1,48.0305705898643,-502.7244904741412
tie_correct,1,CAMK1,44.30810505486778,-428.0500023517568
tie_correct,1,ARPC4,48.62311237113143,-515.1661255860748
tie_correct,1,SLC6A6,43.10576708760748,-405.2156710960668
tie_correct,1,CMTM6,51.48341390078593,-577.3677530785902
tie_correct,1,GLB1,42.68550033055338,-397.382129652512
tie_correct,1,CRTAP,57.06724775516282,-709.0316517200416
tie_correct,1,MYD88,48.69119426902615,-516.6054076311116
tie_correct,1,CTNNB1,38.3234703230518,-320.60344898213515
tie_correct,1,ABHD5,42.08544053363747,-386.3302216990902
tie_correct,1,CCR1,73.58161648393471,-1177.6552891046715
tie_correct,1,CCR2,61.43516984345695,-821.4611009168804
tie_correct,1,NBEAL2,42.78266065334782,-399.1863314551255
tie_correct,1,UQCRC1,40.57347290171971,-359.175809196341
tie_correct,1,RHOA,48.51209278168489,-512.8234372488388
tie_correct,1,GNAI2,51.45922531293866,-576.8268444586864
tie_correct,1,MAPKAPK3,42.542074681847126,-394.7263007096747
tie_correct,1,STAB1,66.12676172327294,-951.4488337965721
tie_correct,1,PRKCD,64.38418171738255,-902.0523647307123
tie_correct,1,TKT,64.85223658863184,-915.1906880932198
tie_correct,1,CACNA2D3,52.912950092544904,-609.7863415938623
tie_correct,1,FRMD4B,44.152899265729936,-425.0671221708406
tie_correct,1,PROK2,56.35705868746512,-691.5344194004977
tie_correct,1,LINC00877,63.31001072999031,-872.2599740523011
tie_correct,1,CRYBG3,45.53075288306496,-451.91354419608285
tie_correct,1,ST3GAL6,53.258418489465654,-617.7538775040106
tie_correct,1,NFKBIZ,47.90423411520368,-500.0915089413749
tie_correct,1,ATP6V1A,49.43071300359625,-532.368801441787
tie_correct,1,HCLS1,39.62280231544157,-342.61016721205914
tie_correct,1,CD86,68.6128823874094,-1024.2046237046532
tie_correct,1,CSTA,111.72948813853588,-2712.899180561823
tie_correct,1,OSBPL11,41.499619448602616,-375.6913328577496
tie_correct,1,RPN1,40.65010169105268,-360.5281660246953
tie_correct,1,PLXND1,40.93708581889519,-365.6155526274394
tie_correct,1,NUDT16,40.15047680626803,-351.7565719430926
tie_correct,1,ACPP,56.90154539456523,-704.9295861211623
tie_correct,1,PLSCR1,52.217329477500606,-593.9004492087397
tie_correct,1,P2RY13,77.78356314297562,-1315.7912137671515
tie_correct,1,PTX3,40.75729615318626,-362.4242268865942
tie_correct,1,MFSD1,55.277259324743106,-665.35051575073
tie_correct,1,FNDC3B,53.80718441042975,-630.5165854484462
tie_correct,1,TNFSF10,54.25554996294561,-641.041319797397
tie_correct,1,DGKG,42.927870062848505,-401.8904106602457
tie_correct,1,BCL6,52.929522499652975,-610.1673677736583
tie_correct,1,C4orf48,61.815214848597144,-831.6351050953986
tie_correct,1,SH3BP2,50.15416939989213,-548.019549022721
tie_correct,1,FBXL5,53.661815737943655,-627.1230012500421
tie_correct,1,BST1,84.42687797344573,-1549.8279262022365
tie_correct,1,CCDC149,47.003437981879216,-481.51881928193626
tie_correct,1,RBPJ,39.99157002172048,-348.9894567502919
tie_correct,1,TLR6,37.79173964380185,-311.80883420700803
tie_correct,1,RBM47,83.23831260023739,-1506.5484425229743
tie_correct,1,IGFBP7,42.05543359157581,-385.7816566873412
tie_correct,1,CXCL8,59.67724640457327,-775.2164718728696
tie_correct,1,EREG,60.22351125903191,-789.4430435710295
tie_correct,1,RASGEF1B,40.751251722152325,-362.31718001354415
tie_correct,1,HPSE,41.04436617629082,-367.5264977776765
tie_correct,1,GPAT3,54.996162042837504,-658.6172686696716
tie_correct,1,WDFY3,62.677020155362044,-854.9384230750426
tie_correct,1,DAPP1,41.60839042210607,-377.65542275954664
tie_correct,1,MANBA,46.33053382673846,-467.874669872923
tie_correct,1,TET2,56.60665463945026,-697.658865838693
tie_correct,1,SGMS2,54.05770170486548,-636.3863583391363
tie_correct,1,ANXA5,64.37560282968138,-901.812442628535
tie_correct,1,MGST2,45.13044360282724,-444.02889247225744
tie_correct,1,TBC1D9,38.14455298848256,-317.6305292678659
tie_correct,1,TLR2,81.01233712541607,-1427.1437517670122
tie_correct,1,GASK1B,76.94392926186119,-1287.5759385843446
tie_correct,1,MARCH1,56.65378054856219,-698.8182506302848
tie_correct,1,ACSL1,59.45133419130443,-769.3708285091171
tie_correct,1,AC084871.1,44.41848585565838,-430.1777594032325
tie_correct,1,MIR3945HG,47.94122708574043,-500.86176295948655
tie_correct,1,OTULINL,56.5804744265573,-697.0152006449626
tie_correct,1,BASP1,58.90341141232023,-755.2849715155626
tie_correct,1,SNX18,43.18559406044444,-406.71226606350365
tie_correct,1,MAP3K1,40.115182208874465,-351.1410244786504
tie_correct,1,GAPT,42.97384106807807,-402.7483868414894
tie_correct,1,ZSWIM6,47.21511376401718,-485.85150696720956
tie_correct,1,NAIP,69.01299883627894,-1036.1646601146551
tie_correct,1,HEXB,62.47584747723144,-849.4698382174503
tie_correct,1,VCAN,98.9069721679404,-2126.3555730879484
tie_correct,1,LUCAT1,37.81140275881139,-312.131869427488
tie_correct,1,MCTP1,50.43269217815907,-554.1054911726574
tie_correct,1,GLRX,48.29415566689545,-508.24018167805554
tie_correct,1,CAST,44.55657212743338,-432.8470278891209
tie_correct,1,TICAM2,38.376964246675705,-321.49501064025856
tie_correct,1,FBN2,46.6548119037158,-474.4253606625097
tie_correct,1,H2AFY,51.205981584163126,-571.1790229702377
tie_correct,1,TGFBI,83.51132535762086,-1516.4354442583135
tie_correct,1,CTNNA1,42.40169185301666,-392.135462786912
tie_correct,1,HBEGF,61.86806616218166,-833.0549293277314
tie_correct,1,CD14,103.61690027568648,-2333.5066367958925
tie_correct,1,ARHGAP26,52.590758086445526,-602.4023239199681
tie_correct,1,CSF1R,63.5408891326139,-878.6211743227415
tie_correct,1,CD74,42.33456218388362,-390.89957316222194
tie_correct,1,NDST1,40.66002105378983,-360.70341079463674
tie_correct,1,GM2A,49.909116600951144,-542.6928020327507
tie_correct,1,ATOX1,42.542803187419196,-394.73976796838514
tie_correct,1,DUSP1,41.736316875074884,-379.97197674849735
tie_correct,1,HRH2,46.45280227318481,-470.33923473303116
tie_correct,1,HK3,60.99491432000601,-809.7536297687633
tie_correct,1,DOK3,44.439943173941884,-430.5919956748501
tie_correct,1,CANX,43.10597797025922,-405.21962107719133
tie_correct,1,RNF130,81.92090315295636,-1459.2941174740188
tie_correct,1,MGAT1,41.40451894722999,-373.97829990965494
tie_correct,1,SERPINB1,57.83966066035108,-728.3105160851245
tie_correct,1,F13A1,65.98076366114094,-947.2596593512076
tie_correct,1,LY86,60.880063891473824,-806.7133163093789
tie_correct,1,SSR1,38.244286664003454,-319.28600663965545
tie_correct,1,TMEM170B,82.01072687380302,-1462.4920753046956
tie_correct,1,KIF13A,48.991049911156935,-522.9684386275452
tie_correct,1,KDM1B,38.45967043717681,-322.8758857949583
tie_correct,1,RNF144B,46.10660744843067,-463.3778121486904
tie_correct,1,IER3,51.694829607876706,-582.1062731387374
tie_correct,1,LST1,86.4055425139031,-1623.2381061643878
tie_correct,1,AIF1,78.95997709256432,-1355.8386586948222
tie_correct,1,CLIC1,42.53834248136113,-394.657310328207
tie_correct,1,HSPA1A,50.43243021611091,-554.099751273058
tie_correct,1,HLA-DRA,46.84401717885344,-478.26855386319784
tie_correct,1,HLA-DRB5,49.85290572128507,-541.4746140404787
tie_correct,1,HLA-DRB1,45.339163143830966,-448.1312368639981
tie_correct,1,HLA-DQB1,44.78978741592906,-437.37397623507496
tie_correct,1,HLA-DMB,40.928723139465745,-365.4668012009232
tie_correct,1,MAPK14,43.61228281954076,-414.7587268394234
tie_correct,1,CDKN1A,43.52165233338631,-413.0430145579456
tie_correct,1,TREM1,86.2192348012135,-1616.2534254651603
tie_correct,1,TFEB,38.238721237317115,-319.19351250226924
tie_correct,1,CNPY3,52.320432645272476,-596.2417560914018
tie_correct,1,VEGFA,39.38279472316206,-338.48999829527685
tie_correct,1,PLA2G7,49.19514607486686,-527.3217486910046
tie_correct,1,OGFRL1,57.072308716081345,-709.1571265804556
tie_correct,1,MARCKS,59.694080108063616,-775.6529433162633
tie_correct,1,CALHM6,39.08537328221243,-333.418902880524
tie_correct,1,VNN1,51.082757498616594,-568.4409588320173
tie_correct,1,VNN3,52.71541848821576,-605.2539540449761
tie_correct,1,VNN2,49.612654141744656,-536.2834026796728
tie_correct,1,SGK1,53.181660600262106,-615.979133469997
tie_correct,1,IFNGR1,44.563017971273226,-432.97183109053344
tie_correct,1,HEBP2,39.73785917524551,-344.594193856827
tie_correct,1,FUCA2,38.17629537795096,-318.1569522549196
tie_correct,1,STX11,76.20196792881879,-1262.8976526168776
tie_correct,1,RAB32,91.01229167328604,-1800.739324266559
tie_correct,1,SOD2,52.993809569939444,-611.6465588510933
tie_correct,1,QKI,47.5827172572891,-493.4220222317189
tie_correct,1,FAM20C,46.20209618735584,-465.2927415153739
tie_correct,1,ADAP1,54.14389181399254,-638.4121447666114
tie_correct,1,TTYH3,49.96154430798607,-543.8302383670206
tie_correct,1,TNRC18,43.21979661295364,-407.3543414815374
tie_correct,1,ACTB,60.20697723909056,-789.0105407797397
tie_correct,1,RAC1,54.05294659904325,-636.2746896348341
tie_correct,1,AHR,54.859872593300715,-655.3650158587831
tie_correct,1,SNX10,59.9792720501415,-783.066220434075
tie_correct,1,SKAP2,54.23851882359544,-640.6399437322517
tie_correct,1,HOTAIRM1,39.92671195614081,-347.8632036194452
tie_correct,1,CREB5,64.8327925075717,-914.6429980918269
tie_correct,1,CPVL,87.78769431393233,-1675.5256909375307
tie_correct,1,AOAH,59.05935607267707,-759.2806867361871
tie_correct,1,MYO1G,38.70269402950823,-326.9506225486639
tie_correct,1,TNS3,44.268996979236796,-427.2974038315014
tie_correct,1,LAT2,46.45259604121744,-470.3350722518823
tie_correct,1,NCF1,47.85147302630613,-498.99396482433156
tie_correct,1,FGL2,100.02466876528185,-2174.642102982078
tie_correct,1,PTPN12,44.86268876030219,-438.79390973724617
tie_correct,1,CD36,66.349452044824,-957.8563910265267
tie_correct,1,STEAP4,52.08436188875797,-590.8877831296188
tie_correct,1,PDK4,40.135629886139974,-351.497571699742
tie_correct,1,BRI3,64.71888467872985,-911.4378037153824
tie_correct,1,ARPC1B,52.81535346602476,-607.5448575537235
tie_correct,1,LAMTOR4,43.394618543275975,-410.64415784789134
tie_correct,1,PILRA,81.58234305548548,-1447.271987362943
tie_correct,1,GNB2,47.292151765838206,-487.4331876225708
tie_correct,1,CUX1,40.76384063689112,-362.5401475719844
tie_correct,1,NAMPT,75.44815099307588,-1238.0698396063788
tie_correct,1,TFEC,71.16701690345398,-1101.745674177686
tie_correct,1,IMPDH1,46.2905675802996,-467.07047762391136
tie_correct,1,IRF5,49.857198593017976,-541.5675996950403
tie_correct,1,TBXAS1,67.91010836897317,-1003.3660034273576
tie_correct,1,ZYX,63.82695171778392,-886.5349216467587
tie_correct,1,ZNF467,56.00282649832919,-682.8888994340176
tie_correct,1,TMEM176B,73.7298828890167,-1182.398951120284
tie_correct,1,TMEM176A,57.607075075727764,-722.4780931238435
tie_correct,1,SMARCD3,48.464944849380636,-511.83016019827556
tie_correct,1,KBTBD11,39.028913663023424,-332.46059079492613
tie_correct,1,CTSB,57.83127349321856,-728.0997874301142
tie_correct,1,ASAH1,58.91871682280991,-755.6766693847565
tie_correct,1,ATP6V1B2,61.21942097556632,-815.713295668805
tie_correct,1,DOCK5,54.6530490191264,-650.4450232772026
tie_correct,1,DPYSL2,59.05328458016161,-759.1249214801771
tie_correct,1,PTK2B,37.91058993148068,-313.76392260293517
tie_correct,1,NRG1,64.40591034256379,-902.6601829118498
tie_correct,1,RAB11FIP1,65.5504122899231,-934.9652812768275
tie_correct,1,EIF4EBP1,47.11364502989743,-483.772166080609
tie_correct,1,ADAM9,41.671304050415415,-378.7938054590356
tie_correct,1,HOOK3,39.944014591058156,-348.1634833951978
tie_correct,1,CEBPD,88.40177705879724,-1699.02294461329
tie_correct,1,LYN,54.56418970126917,-648.3369097511189
tie_correct,1,SDCBP,48.857767212507596,-520.1353189262751
tie_correct,1,LY96,56.434471220056516,-693.4310315213189
tie_correct,1,PIP4P2,41.30853021563622,-372.2532480753394
tie_correct,1,PABPC1,47.180781508307426,-485.14745534692446
tie_correct,1,KLF10,55.47305685377235,-670.0608097132234
tie_correct,1,TRPS1,38.971245778808196,-331.4831985536743
tie_correct,1,TRIB1,53.44634720953554,-622.1098359398211
tie_correct,1,DENND3,40.87874070340448,-364.5783699032422
tie_correct,1,PLEC,38.82657030914812,-329.0374986400342
tie_correct,1,JAK2,42.866057524568475,-400.7382232267748
tie_correct,1,HACD4,46.28562985874326,-466.97116997275185
tie_correct,1,C9orf72,49.54741374406993,-534.8780535644297
tie_correct,1,GLIPR2,55.405853102371196,-668.4422155622731
tie_correct,1,CLTA,38.610522553407925,-325.4021812580653
tie_correct,1,ZFAND5,49.603679474136946,-536.0899689718589
tie_correct,1,ALDH1A1,42.83417645602585,-400.14460750053087
tie_correct,1,ANXA1,58.98727166018128,-757.4323808891204
tie_correct,1,GNAQ,46.761436398031684,-476.58923761492696
tie_correct,1,AGTPBP1,43.99447257402876,-422.0331239174021
tie_correct,1,DAPK1,45.49092764690107,-451.1260144775795
tie_correct,1,S1PR3,51.72336460102214,-582.7473222625857
tie_correct,1,SYK,59.97770019462556,-783.0252648546373
tie_correct,1,NFIL3,46.52446350181177,-471.78672634393604
tie_correct,1,BICD2,38.60208173714612,-325.26056345212976
tie_correct,1,FAM120A,40.28465864652714,-354.1016750854964
tie_correct,1,FBP1,57.45363336637357,-718.6431766840158
tie_correct,1,SLC44A1,37.78007914761482,-311.6173491597112
tie_correct,1,KLF4,89.46468734548543,-1740.0811432978303
tie_correct,1,SNX30,39.594643409564895,-342.12547358407517
tie_correct,1,SLC31A2,56.80180345619403,-702.4661594428029
tie_correct,1,FKBP15,45.05178744730907,-442.4878260954547
tie_correct,1,TLR4,83.24350671779588,-1506.736242510205
tie_correct,1,MEGF9,80.31580799230755,-1402.7392209458994
tie_correct,1,GSN,49.91414941414408,-542.8019387936579
tie_correct,1,NIBAN2,37.87844884591662,-313.2345966774648
tie_correct,1,NUP214,60.42451693028241,-794.7105141445041
tie_correct,1,RXRA,54.61239640111506,-649.480148266173
tie_correct,1,FCN1,94.98897987292577,-1961.3749891048005
tie_correct,1,NACC2,58.89074633565266,-754.9609222826649
tie_correct,1,CARD9,46.85682377652895,-478.52924676443354
tie_correct,1,AGPAT2,42.206496632775945,-388.5472497034554
tie_correct,1,KLF6,43.86722593040487,-419.604138050458
tie_correct,1,GDI2,43.695623911722386,-416.3395914490546
tie_correct,1,VIM,59.61514479391837,-773.607338985941
tie_correct,1,PLXDC2,80.14645083279636,-1396.837234333362
tie_correct,1,RASSF4,71.07036786031034,-1098.759937826441
tie_correct,1,ALOX5,50.47073276505436,-554.9393218818012
tie_correct,1,UBE2D1,48.48007475595105,-512.1488005019107
tie_correct,1,SRGN,60.35069619486279,-792.7739606076518
tie_correct,1,VSIR,62.053850207638654,-838.0555498712481
tie_correct,1,PSAP,68.11284872228511,-1009.3556412995218
tie_correct,1,VCL,43.6363160130278,-415.2142937443577
tie_correct,1,ZNF503,41.51564887415723,-375.9804554039463
tie_correct,1,LRMDA,46.69204718203579,-475.1804663899579
tie_correct,1,PPIF,39.15418283682868,-334.58870597173984
tie_correct,1,ZCCHC24,41.15946375902793,-369.58224289074974
tie_correct,1,HHEX,39.035769567365,-332.5768850496272
tie_correct,1,MYOF,46.404497010156255,-469.364770164429
tie_correct,1,ENTPD1,66.30481069845258,-956.5701822358784
tie_correct,1,FRAT1,37.89873819188218,-313.56868619321955
tie_correct,1,RRP12,41.237393149465795,-370.97739556789827
tie_correct,1,PGAM1,42.667672886219236,-397.0515309047869
tie_correct,1,MARVELD1,40.61558093437966,-359.9186228708359
tie_correct,1,TRIM8,40.09356426388445,-350.7642685832895
tie_correct,1,GSTO1,39.464260580122065,-339.88570577718576
tie_correct,1,SHTN1,85.42209052106992,-1586.5386772016777
tie_correct,1,DENND10,41.76009798135316,-380.40339947455493
tie_correct,1,CHST15,43.28228243701191,-408.5286824595441
tie_correct,1,CTBP2,41.061313800537306,-367.8288364164059
tie_correct,1,PTPRE,58.724575702502534,-750.7157239929263
tie_correct,1,VENTX,38.54241282083647,-324.2603358954462
tie_correct,1,IFITM3,48.251147574890076,-507.33814994565665
tie_correct,1,RNH1,38.19802024899509,-318.5174945033464
tie_correct,1,TALDO1,50.011013216055424,-544.9045767250628
tie_correct,1,CTSD,65.24881616630002,-926.3971377408258
tie_correct,1,KCNQ1,40.07618564355832,-350.4615423855128
tie_correct,1,RHOG,49.870872142635406,-541.8638286423841
tie_correct,1,TPP1,57.9626986886441,-731.4053726902126
tie_correct,1,FAR1,45.87638385790995,-458.77718810683956
tie_correct,1,PRRG4,47.02009750930648,-481.8591098040526
tie_correct,1,HIPK3,40.635039510258665,-360.26214506333844
tie_correct,1,LMO2,53.13786291042719,-614.9676190334029
tie_correct,1,CD44,40.85365360379663,-364.1328586764795
tie_correct,1,SPI1,82.934697830239,-1495.591217361321
tie_correct,1,AC090559.1,70.93461906731132,-1094.5731592585162
tie_correct,1,MPEG1,88.09697034228891,-1687.3393569120492
tie_correct,1,STX3,43.95577461903407,-421.29368264863297
tie_correct,1,MS4A6A,100.21795062467194,-2183.0472485958812
tie_correct,1,MS4A7,64.52886051896039,-906.1033488939493
tie_correct,1,SLC15A3,60.82181421682278,-805.173523426807
tie_correct,1,FTH1,49.25741229573594,-528.6534685210153
tie_correct,1,AHNAK,42.70033735033527,-397.6573780382678
tie_correct,1,RTN3,59.36376946784185,-767.1109863014428
tie_correct,1,COX8A,38.45132586092273,-322.736428826244
tie_correct,1,CCDC88B,41.59273855786582,-377.37247895096624
tie_correct,1,RPS6KA4,47.72127913473762,-496.2908219942971
tie_correct,1,LINC02723,40.2747005883591,-353.9273691226462
tie_correct,1,NEAT1,52.022901383942354,-589.4978573749335
tie_correct,1,EHBP1L1,39.79781881657508,-345.63040798478653
tie_correct,1,MAP3K11,40.33409001311465,-354.9675593737005
tie_correct,1,AP5B1,50.65227024966855,-558.9271855483313
tie_correct,1,CFL1,40.089549421452105,-350.6943205489239
tie_correct,1,CATSPER1,38.456309446635274,-322.81971231547595
tie_correct,1,GRK2,41.13268832285513,-369.1034965848568
tie_correct,1,ANKRD13D,39.22588671844128,-335.8099007471586
tie_correct,1,GSTP1,56.26194477973712,-689.207684622192
tie_correct,1,UNC93B1,51.89098081762557,-586.5200189987838
tie_correct,1,ALDH3B1,61.665079644234204,-827.6084134839655
tie_correct,1,TCIRG1,49.97309379707781,-544.0809687153466
tie_correct,1,LAMTOR1,46.288775190373556,-467.0344277832217
tie_correct,1,FOLR3,51.14048206597326,-569.722789704378
tie_correct,1,ARAP1,46.48646209765208,-471.01885492953835
tie_correct,1,ATG16L2,43.86829653416044,-419.62454527450365
tie_correct,1,RELT,40.3671286459751,-355.54688508795164
tie_correct,1,KCNE3,73.24070081280419,-1166.7841787585544
tie_correct,1,ARRB1,44.19660064455523,-425.90595577618865
tie_correct,1,ACER3,42.31301415945748,-390.5032783279921
tie_correct,1,PAK1,59.24836354437815,-764.137712381386
tie_correct,1,PICALM,44.38094257041819,-429.45346223843507
tie_correct,1,SLC36A4,42.40303553300876,-392.160220552231
tie_correct,1,SMCO4,53.80804818840694,-630.5367774822245
tie_correct,1,CASP1,65.76780333036776,-941.1657084307859
tie_correct,1,CARD16,48.718600730668456,-517.185360632721
tie_correct,1,IL18,40.93255391142507,-365.5349374114873
tie_correct,1,FXYD6,42.20824723338382,-388.5793569558367
tie_correct,1,JAML,66.79492205314078,-970.7386950727553
tie_correct,1,OAF,48.984037298263594,-522.819183030944
tie_correct,1,NRGN,78.31273098313521,-1333.7307667309778
tie_correct,1,APLP2,63.39976120743696,-874.7300444125807
tie_correct,1,ST14,46.30632297103016,-467.38742142834633
tie_correct,1,TNFRSF1A,47.39656719024433,-489.58107127148645
tie_correct,1,LTBR,53.04163026623162,-612.7480363275052
tie_correct,1,GAPDH,58.51275867381299,-745.3217677282618
tie_correct,1,CD4,41.72342957509279,-379.73828555109
tie_correct,1,TPI1,44.93224908008574,-440.1509193378641
tie_correct,1,CD163,77.43828458689421,-1304.1513246786599
tie_correct,1,SLC2A3,42.59097603373365,-395.63080938506187
tie_correct,1,CLEC4A,72.28640497232297,-1136.6219639771186
tie_correct,1,LINC00937,50.15574840260142,-548.0539565561206
tie_correct,1,CLEC4D,52.95486704622328,-610.7503100958252
tie_correct,1,CLEC4E,84.91332794090799,-1567.718041363175
tie_correct,1,CLEC12A,94.62429850477598,-1946.3579281831119
tie_correct,1,CLEC7A,89.56483777834885,-1743.9750540076952
tie_correct,1,PLBD1,102.22018200744066,-2271.071691072381
tie_correct,1,MGST1,79.38867814803422,-1370.5818839743183
tie_correct,1,FGD4,64.03452840106044,-892.2996494462698
tie_correct,1,CPNE8,39.00312654653226,-332.0233558238313
tie_correct,1,LRRK2,85.86148625432746,-1602.883682542333
tie_correct,1,DAZAP2,43.1373116922483,-405.80673835296017
tie_correct,1,NR4A1,39.95894565868331,-348.4227100863095
tie_correct,1,ZNF385A,75.86244247653542,-1251.6844588244828
tie_correct,1,ITGA5,40.79810840168758,-363.14742681123664
tie_correct,1,NCKAP1L,39.45585771701427,-339.7416111464801
tie_correct,1,BLOC1S1,38.00633868544938,-315.3434493029179
tie_correct,1,CD63,48.249342042032836,-507.3002991010823
tie_correct,1,MYL6,47.691789994516824,-495.67957757783387
tie_correct,1,STAT2,40.38329075646996,-355.8304569788197
tie_correct,1,LRP1,79.94728198188591,-1389.9122655979613
tie_correct,1,STAC3,48.04169041304373,-502.95657074233833
tie_correct,1,OS9,39.093940973480954,-333.56444669110914
tie_correct,1,RASSF3,37.72235268963993,-310.67025236134435
tie_correct,1,GNS,56.954637135966806,-706.2426075357245
tie_correct,1,IRAK3,89.6342804263187,-1746.6775840902435
tie_correct,1,CPM,40.59282430241602,-359.5170851946222
tie_correct,1,LYZ,78.08069629788208,-1325.8494874483133
tie_correct,1,AC020656.1,105.6067376363513,-2423.9178553041584
tie_correct,1,GLIPR1,56.388016385164754,-692.292572833615
tie_correct,1,LIN7A,43.8927622476996,-420.091032024772
tie_correct,1,TMTC2,38.669892743158535,-326.39915240297415
tie_correct,1,DUSP6,55.75027990959626,-676.7584203539384
tie_correct,1,PLXNC1,49.10326764675468,-525.3597713826642
tie_correct,1,LTA4H,58.8258344052663,-753.3011758201997
tie_correct,1,APAF1,54.57309120682464,-648.5479360767839
tie_correct,1,CKAP4,72.85380130242585,-1154.5078722938774
tie_correct,1,CORO1C,40.367427090877634,-355.55212041781516
tie_correct,1,GLTP,39.92815086080643,-347.88817023650626
tie_correct,1,ARPC3,43.67433049233913,-415.9353981513483
tie_correct,1,SH2B3,48.764073469555456,-518.1483366625481
tie_correct,1,ALDH2,87.34620391488072,-1658.7336914282157
tie_correct,1,OAS1,39.64475747987468,-342.9883158438607
tie_correct,1,P2RX7,47.06445002393584,-482.7656496379966
tie_correct,1,CAMKK2,43.02951028540732,-403.7885928353198
tie_correct,1,HCAR2,38.84433966076152,-329.3373953982114
tie_correct,1,HCAR3,47.59319991616515,-493.6387648934903
tie_correct,1,RILPL2,56.10430261875953,-685.359994846277
tie_correct,1,GLT1D1,58.321647473730835,-740.4718052249833
tie_correct,1,FRY,53.22100732951956,-616.8885624200954
tie_correct,1,LCP1,49.778706088146066,-539.8686786872495
tie_correct,1,RCBTB2,41.05602538388231,-367.73447985956403
tie_correct,1,WDFY2,44.23272120536699,-426.59990383320707
tie_correct,1,KCTD12,93.25075080006599,-1890.3155735961163
tie_correct,1,TNFSF13B,94.0426422433093,-1922.5256631046652
tie_correct,1,IRS2,50.123952842886446,-547.3613184193284
tie_correct,1,RAB20,43.76755611065055,-417.70646930434077
tie_correct,1,ATP11A,46.89129501189716,-479.23130180344896
tie_correct,1,RNASE4,39.62457213141785,-342.6406421959323
tie_correct,1,RNASE6,72.95917825362983,-1157.8450381894756
tie_correct,1,AL355922.1,38.282806648715855,-319.92655476454195
tie_correct,1,RNASE2,87.75542881751625,-1674.295612394062
tie_correct,1,ARHGEF40,61.866670166648646,-833.0174110086855
tie_correct,1,SLC7A7,78.28618800113166,-1332.8280248374474
tie_correct,1,LTB4R,46.390760125606846,-469.0878402636848
tie_correct,1,SPTSSA,39.12500499198719,-334.0924144282323
tie_correct,1,PYGL,65.86381181801515,-943.9105947068025
tie_correct,1,RTN1,51.936902274719564,-587.5557452180938
tie_correct,1,HIF1A,43.45564227044754,-411.7956319432983
tie_correct,1,NUMB,43.81034636508932,-418.5206483534466
tie_correct,1,NPC2,54.28364343933731,-641.7036792266007
tie_correct,1,FOS,46.291830283578754,-467.0958748615031
tie_correct,1,LINC01220,38.09111892593632,-316.74535428488156
tie_correct,1,JDP2,62.071298653466826,-838.5259674328884
tie_correct,1,SPTLC2,43.84296546367347,-419.1418325679332
tie_correct,1,SLC24A4,75.74506116345344,-1247.819458610785
tie_correct,1,RIN3,45.0257728559227,-441.97872764696
tie_correct,1,ITPK1,39.55672312134095,-341.4733029987231
tie_correct,1,IFI27L2,38.830300818685714,-329.1004478006759
tie_correct,1,SERPINA1,97.53272655557805,-2067.729211656959
tie_correct,1,CLMN,44.60084649968189,-433.7046233597953
tie_correct,1,WARS,58.9356617117092,-756.1104436106518
tie_correct,1,RCOR1,38.43091844979435,-322.3955016028089
tie_correct,1,TNFAIP2,88.93275800112569,-1719.4724022128041
tie_correct,1,ATP5MPL,44.666792094707645,-434.98356839506084
tie_correct,1,TDRD9,38.10998440477334,-317.0577334552433
tie_correct,1,CYFIP1,49.285332496941706,-529.2511588435342
tie_correct,1,THBS1,62.991264318689765,-863.5158524890195
tie_correct,1,AC037198.1,44.22404050446124,-426.4330785477135
tie_correct,1,PLCB2,49.40752772799585,-531.8709850085676
tie_correct,1,CHP1,51.92651616934527,-587.3214137906491
tie_correct,1,ZNF106,46.45572475017128,-470.3982225068707
tie_correct,1,SERF2,44.03569708515568,-422.8215577499218
tie_correct,1,SQOR,46.4781932081319,-470.85185351791927
tie_correct,1,DMXL2,80.90252214884107,-1423.2821380068194
tie_correct,1,MYO5A,37.74490102847829,-311.0400225541364
tie_correct,1,RAB27A,49.491254135263304,-533.6697943767452
tie_correct,1,AQP9,48.31935662855923,-508.7691080371298
tie_correct,1,ANXA2,74.07060770278405,-1193.3363346368742
tie_correct,1,LACTB,48.01584593749043,-502.4172569218486
tie_correct,1,USP3,44.10807645943896,-424.2076243122453
tie_correct,1,PLEKHO2,39.922983432307525,-347.7985137114081
tie_correct,1,SPG21,46.38968160564821,-469.06610121632025
tie_correct,1,PKM,59.130306429758164,-761.1021174941067
tie_correct,1,ADPGK,40.6367312308519,-360.29201850655755
tie_correct,1,NPTN,40.359641308456055,-355.41555462859475
tie_correct,1,C15orf39,43.15809885631911,-406.19647408213484
tie_correct,1,PSTPIP1,43.93125518902893,-420.8255013245961
tie_correct,1,CTSH,78.64081234983095,-1344.9142603823566
tie_correct,1,TM6SF1,45.10710990849393,-443.5714481834971
tie_correct,1,ANPEP,50.54814050653269,-556.6380007999567
tie_correct,1,ARPIN,48.67751016165181,-516.3159578528353
tie_correct,1,IQGAP1,47.547333250981616,-492.69076395567555
tie_correct,1,FES,72.01756244345609,-1128.1961097254105
tie_correct,1,SLCO3A1,52.61959025298729,-603.0612654018627
tie_correct,1,MSRB1,71.88240617710372,-1123.9720013422382
tie_correct,1,ATP6V0C,44.84990170072866,-438.5446833761099
tie_correct,1,MEFV,69.9920985909852,-1065.724484096684
tie_correct,1,ROGDI,42.12067194680369,-386.97479549703405
tie_correct,1,CPPED1,69.8156100508669,-1060.3653975044247
tie_correct,1,ITPRIPL2,46.93808426325457,-480.18505575357113
tie_correct,1,METTL9,50.09419654062145,-546.7135012611915
tie_correct,1,AC005632.3,45.24144717438048,-446.20829315250313
tie_correct,1,IGSF6,99.58484291825785,-2155.576090006462
tie_correct,1,APOBR,58.35220794838519,-741.2462946283606
tie_correct,1,SULT1A1,68.47708030067379,-1020.1611110894098
tie_correct,1,PYCARD,67.66252491769997,-996.0757533943757
tie_correct,1,ITGAM,70.70086873306775,-1087.3825582350917
tie_correct,1,ITGAX,60.757936725967674,-803.4866563702567
tie_correct,1,NOD2,44.79772301909939,-437.5284297879723
tie_correct,1,LPCAT2,55.666691446296554,-674.7354392178376
tie_correct,1,CES1,72.23988137141791,-1135.1616117820397
tie_correct,1,TK2,41.90871446665193,-383.10507199308006
tie_correct,1,ATP6V0D1,54.394833668850126,-644.3285712513923
tie_correct,1,HP,51.4443027191879,-576.4932699964185
tie_correct,1,ZFHX3,50.697888028514114,-559.9315280423124
tie_correct,1,MLKL,43.13039746700445,-405.6771460472498
tie_correct,1,CMIP,45.86097794861666,-458.4701487314296
tie_correct,1,HSBP1,44.99920704838186,-441.459145219807
tie_correct,1,COTL1,69.69901949529563,-1056.8325357668268
tie_correct,1,CRISPLD2,62.239594717284305,-843.0700875696425
tie_correct,1,ZDHHC7,42.75561085569866,-398.6836233283334
tie_correct,1,KIAA0513,50.75568457754835,-561.2053014574753
tie_correct,1,IRF8,37.81740618318733,-312.2305300403902
tie_correct,1,CYBA,51.15477397627515,-570.0403790631988
tie_correct,1,RFLNB,40.4938955898945,-357.7741139897058
tie_correct,1,SLC43A2,57.674747949632064,-724.1726665340785
tie_correct,1,ARRB2,54.67788743332713,-651.0349070621824
tie_correct,1,PFN1,40.08221771046801,-350.5666028863395
tie_correct,1,SCIMP,56.44612240472908,-693.7167115717663
tie_correct,1,RNASEK,45.093796428658834,-443.3105506026679
tie_correct,1,CLEC10A,40.15630394599092,-351.858250860108
tie_correct,1,ASGR2,55.51435692913105,-671.0564897560135
tie_correct,1,ASGR1,85.85004838171383,-1602.4571443359735
tie_correct,1,GABARAP,56.24045911831317,-688.6826330175593
tie_correct,1,TNFSF13,87.05234451820085,-1647.603724816865
tie_correct,1,EIF4A1,48.64170502405672,-515.5589829384115
tie_correct,1,CD68,94.91195298187756,-1958.1983202784106
tie_correct,1,PER1,39.613596248712796,-342.451667158416
tie_correct,1,GAS7,68.6146252270335,-1024.2565688680309
tie_correct,1,WSB1,40.08287590422446,-350.5780676016761
tie_correct,1,LGALS9,46.612166769965285,-473.5612861787993
tie_correct,1,CPD,40.447517582081204,-356.95846755740564
tie_correct,1,ADAP2,64.85494579356187,-915.2670124921962
tie_correct,1,EVI2B,50.055706421218154,-545.8761124907109
tie_correct,1,EVI2A,45.77801391933748,-456.8184490985301
tie_correct,1,CCL3,42.178059225029365,-388.0258738570846
tie_correct,1,RARA,45.66945459679357,-454.6616951049279
tie_correct,1,DUSP3,47.79624111114353,-497.84631685257983
tie_correct,1,GRN,84.7405920278349,-1561.3535868209674
tie_correct,1,FZD2,38.80525371200974,-328.6779151412701
tie_correct,1,SCPEP1,60.264892356014066,-790.5260253364013
tie_correct,1,VMP1,54.4203789691456,-644.932382961286
tie_correct,1,MAP3K3,42.715204517554014,-397.9332815465225
tie_correct,1,PECAM1,63.112694719455206,-866.8418325259778
tie_correct,1,SLC16A6,39.51396277147408,-340.73863946990156
tie_correct,1,PRKAR1A,39.199900319975846,-335.3670664213917
tie_correct,1,CD300LB,53.88733666332148,-632.391637425363
tie_correct,1,CD300C,40.87698098889592,-364.5471109665953
tie_correct,1,CD300E,64.4905001162312,-905.0283781210121
tie_correct,1,CD300LF,81.3738336364071,-1439.8926695530854
tie_correct,1,GRB2,42.861082542066185,-400.64556152620713
tie_correct,1,TIMP2,82.97431850484281,-1497.018826297742
tie_correct,1,GAA,53.4996490041879,-623.3480976117193
tie_correct,1,SLC38A10,41.803948277341554,-381.19954915408704
tie_correct,1,ACTG1,38.52542645340171,-323.97587668311223
tie_correct,1,ARHGDIA,41.68626129992471,-379.06470029426197
tie_correct,1,SLC16A3,65.714967259083,-939.6568304941317
tie_correct,1,SECTM1,53.91546124698281,-633.0502345077459
tie_correct,1,METRNL,48.70262768401912,-516.8473125159475
tie_correct,1,EMILIN2,73.00388376497442,-1159.2622665915337
tie_correct,1,EPB41L3,56.15447041518556,-686.5833072297668
tie_correct,1,RAB31,87.25550424668789,-1655.2944278014304
tie_correct,1,IMPA2,39.784624357059,-345.4022492780315
tie_correct,1,SERPINB2,48.34315686715169,-509.26888868139093
tie_correct,1,SERPINB10,51.04892231998351,-567.6902878175273
tie_correct,1,SERPINB8,57.360631307705184,-716.3237833342778
tie_correct,1,ZNF516,47.996454149765306,-502.0127860217242
tie_correct,1,AZU1,38.91294867199084,-330.49660888921494
tie_correct,1,CFD,88.78121133093369,-1713.6234608332777
tie_correct,1,ARID3A,45.00440528711119,-441.56078990186774
tie_correct,1,OAZ1,51.36748833608234,-574.7777176338549
tie_correct,1,GNA15,41.794162760792894,-381.0218101458397
tie_correct,1,PLIN3,42.699804362484535,-397.64748868063356
tie_correct,1,STXBP2,67.83465811896815,-1001.1415039000485
tie_correct,1,RETN,84.21712860156646,-1542.1457023999778
tie_correct,1,MCEMP1,82.48394643267687,-1479.3977698736576
tie_correct,1,TRAPPC5,41.672105800638704,-378.8083237135028
tie_correct,1,PRAM1,87.8334072867714,-1677.2692103355064
tie_correct,1,MYO1F,58.978731810658445,-757.2135613273285
tie_correct,1,ICAM1,38.45843962745818,-322.8553142474233
tie_correct,1,C19orf38,78.29161216957588,-1333.0124790163975
tie_correct,1,AC011472.2,38.97111648740362,-331.48100886173927
tie_correct,1,RAB3D,67.34333567163083,-986.7163008583098
tie_correct,1,TMEM205,44.053190199579696,-423.15634288160555
tie_correct,1,PLPPR2,45.367990768590204,-448.699324838297
tie_correct,1,MAN2B1,55.40005212079594,-668.302591560772
tie_correct,1,TRMT1,37.9043746148644,-313.6615286727766
tie_correct,1,AC020916.1,67.48278877170492,-990.7999841360514
tie_correct,1,PRKACA,49.07329840778058,-524.7205991319406
tie_correct,1,ADGRE5,38.321566490801644,-320.57174146415804
tie_correct,1,ADGRE2,42.02109776741937,-385.1544336777067
tie_correct,1,TPM4,41.47637200524049,-375.27221717509326
tie_correct,1,BST2,38.318628357340415,-320.5228111856719
tie_correct,1,PGLS,43.351585816881375,-409.8331329067769
tie_correct,1,COLGALT1,37.86789341634047,-313.0608589470646
tie_correct,1,IFI30,87.92873270362304,-1680.9078962997617
tie_correct,1,LRRC25,82.19450100167914,-1469.0458283029413
tie_correct,1,HOMER3,51.97160752893759,-588.3391052476245
tie_correct,1,CEBPA,71.23116018190461,-1103.7294634070072
tie_correct,1,TYROBP,90.3377252177117,-1774.1718993080433
tie_correct,1,CAPNS1,49.878381424426166,-542.0265470888035
tie_correct,1,KCNK6,49.671889691600605,-537.5610013073596
tie_correct,1,RASGRP4,58.62851542115929,-748.2671188758769
tie_correct,1,ZFP36,49.42817255228993,-532.3142434380976
tie_correct,1,SHKBP1,44.98684130918064,-441.217396686598
tie_correct,1,TMEM91,37.96491416342784,-314.6595981617149
tie_correct,1,CEACAM4,44.092493308536376,-423.90901454924943
tie_correct,1,PLAUR,87.17439683306769,-1652.221920810926
tie_correct,1,FOSB,42.143247260261354,-387.3881037476117
tie_correct,1,VASP,52.52988956570591,-601.0123963973688
tie_correct,1,AP2S1,42.03984460368867,-385.49682444977634
tie_correct,1,C5AR1,84.78152069018294,-1562.8604320634279
tie_correct,1,EMP3,40.35255930686366,-355.29135629150664
tie_correct,1,FTL,59.40957417645332,-768.2926842399314
tie_correct,1,FCGRT,66.4482985091096,-960.7074396484211
tie_correct,1,SIGLEC9,48.65281601099301,-515.7938264993089
tie_correct,1,SIGLEC7,43.39500415374694,-410.65142896693754
tie_correct,1,CD33,82.31632592639363,-1473.3984319059641
tie_correct,1,SIGLEC5,44.379400480380795,-429.42372482171305
tie_correct,1,FPR1,101.94448133719489,-2258.847661828356
tie_correct,1,FPR2,64.76250515801502,-912.6645525557504
tie_correct,1,NLRP12,67.78803426853217,-999.7681286766607
tie_correct,1,MYADM,60.24498736152853,-790.0050003311537
tie_correct,1,VSTM1,47.2792568912206,-487.1682611760604
tie_correct,1,OSCAR,79.88893907543385,-1387.8869833767737
tie_correct,1,MBOAT7,48.368397303653246,-509.79918067918703
tie_correct,1,LILRB3,87.72539163962199,-1673.1508918053955
tie_correct,1,LILRA6,58.38806016777749,-742.1554087890265
tie_correct,1,LILRB2,84.80962022936208,-1563.8953765479096
tie_correct,1,LILRA5,86.36971268553783,-1621.89367441044
tie_correct,1,LILRA2,78.08982897068023,-1326.159245413626
tie_correct,1,LILRA1,65.60222284344206,-936.4411594254644
tie_correct,1,LILRB1,51.415351396078336,-575.8463779232596
tie_correct,1,LILRB4,58.96098908508148,-756.7590344742317
tie_correct,1,FCAR,67.39295310739024,-988.1683083321328
tie_correct,1,FKBP1A,49.02643056306527,-523.7218016670098
tie_correct,1,SIRPB2,58.200292559782646,-737.4003284080914
tie_correct,1,SIRPB1,73.54789793953277,-1176.5778241620471
tie_correct,1,SIRPA,80.68512797297566,-1415.65297503993
tie_correct,1,C20orf27,42.54349196561251,-394.75250103292313
tie_correct,1,RNF24,49.65103734214895,-537.1110818907769
tie_correct,1,PRNP,39.22256473400303,-335.75327445773956
tie_correct,1,RASSF2,56.021335471440445,-683.3392872784382
tie_correct,1,RIN2,55.90746728647168,-680.5708344709216
tie_correct,1,CD93,90.24249323565813,-1770.4371576203534
tie_correct,1,CST3,92.56592733210151,-1862.6800345490753
tie_correct,1,HM13,46.383362236397375,-468.93873581830996
tie_correct,1,HCK,76.94660736288347,-1287.665447543592
tie_correct,1,RAB5IF,42.60602343780341,-395.9093440154993
tie_correct,1,SAMHD1,58.19214903957026,-737.1944459191394
tie_correct,1,MAFB,63.62546501498145,-880.9572151602333
tie_correct,1,YWHAB,39.77080865586009,-345.16342903538373
tie_correct,1,CTSA,53.90178977468865,-632.7300449466115
tie_correct,1,SULF2,54.742884684829114,-652.5797845848093
tie_correct,1,CEBPB,49.16429287830673,-526.6624990524937
tie_correct,1,SMIM25,66.798421853786,-970.8402450253232
tie_correct,1,CTSZ,60.50190731497713,-796.7432514011617
tie_correct,1,ATP5F1E,48.70606065825048,-516.9199574686558
tie_correct,1,RGS19,38.2576600057742,-319.5083187208483
tie_correct,1,SAMSN1,41.21411717492652,-370.5604148596107
tie_correct,1,APP,40.978387079706756,-366.35064526276085
tie_correct,1,BACH1,39.44004963946143,-339.4706128966977
tie_correct,1,IL10RB,42.699161956954924,-397.6355692894559
tie_correct,1,IFNGR2,56.924921885061615,-705.5075635237068
tie_correct,1,KCNE1,51.704218998703716,-582.3171702385823
tie_correct,1,ETS2,54.55295073029065,-648.0705187068784
tie_correct,1,PDXK,50.377222056922925,-552.8907396676484
tie_correct,1,CSTB,41.64585099699625,-378.3330414715903
tie_correct,1,TRPM2,39.616021705296795,-342.49342246542994
tie_correct,1,PTTG1IP,43.67601511480006,-415.9673686129849
tie_correct,1,ITGB2,53.26934526531024,-618.0067270075898
tie_correct,1,IL17RA,69.74478812513946,-1058.2186874417112
tie_correct,1,ADA2,60.50010413910459,-796.6958595623429
tie_correct,1,BID,43.65047080350486,-415.4827255517181
tie_correct,1,COMT,44.34226783835311,-428.7079766000586
tie_correct,1,PPM1F,49.90895291977403,-542.6892527843232
tie_correct,1,GRK3,50.98014495832349,-566.1659175789099
tie_correct,1,TOM1,45.49786360874538,-451.26312111641784
tie_correct,1,HMOX1,51.59320725118155,-579.8261606023085
tie_correct,1,NCF4,49.916826288746016,-542.8599914090659
tie_correct,1,CSF2RB,43.41819483876094,-411.08883407315506
tie_correct,1,LGALS2,74.72950722211229,-1214.6302339500755
tie_correct,1,LGALS1,78.4307744018054,-1337.7491959963763
tie_correct,1,APOBEC3A,49.79256798874116,-540.1685163615653
tie_correct,1,NAGA,53.364459974599676,-620.2099048212116
tie_correct,1,NFAM1,82.37647234707336,-1475.5497406116397
tie_correct,1,TSPO,62.42093046138613,-847.9800526173191
tie_correct,1,PARVG,42.12560546132759,-387.06509926336327
tie_correct,1,KIAA0930,61.40321645628399,-820.6085499123864
tie_correct,1,UPK3A,47.23446761667602,-486.2486219754453
tie_correct,1,PLXNB2,68.13635701620504,-1010.0513107545366
tie_correct,1,SCO2,53.32490640940117,-619.2932336578192
tie_correct,1,TYMP,81.81991133683847,-1455.7027304158307
tie_correct,1,ODF3B,49.85625522036621,-541.5471651064154
tie_correct,1,CSF2RA,75.32958761209727,-1234.1872767434243
tie_correct,1,TBL1X,39.098230122480224,-333.63732065416946
tie_correct,1,TLR8,68.42176201961774,-1018.5163023274253
tie_correct,1,TMSB4X,39.874818201389886,-346.96338911722586
tie_correct,1,MOSPD2,40.773119050750225,-362.7045254898462
tie_correct,1,AP1S2,71.39341917175435,-1108.7556987279224
tie_correct,1,SH3KBP1,38.624152683942654,-325.6309293013571
tie_correct,1,SAT1,48.17166948783456,-505.67332650278786
tie_correct,1,CXorf21,42.20218534987099,-388.46818339984776
tie_correct,1,CYBB,86.66417913930904,-1632.959385291494
tie_correct,1,MID1IP1,38.801998860589165,-328.6230273512107
tie_correct,1,RP2,47.895650777669076,-499.91287475653496
tie_correct,1,TIMP1,59.29287720529233,-765.2838602057099
tie_correct,1,CFP,90.66093187040772,-1786.876557060716
tie_correct,1,WAS,41.01773385979005,-367.05164009614117
tie_correct,1,PLP2,42.279328448646666,-389.88416021764533
tie_correct,1,MSN,38.85663240323572,-329.54494256548486
tie_correct,1,AL034397.3,66.97000407284396,-975.8253836562017
tie_correct,1,NHSL2,48.5305069305841,-513.2116346830414
tie_correct,1,PGK1,44.68214948666764,-435.28167975656993
tie_correct,1,DIAPH2,45.854448366351555,-458.3400454122347
tie_correct,1,ACSL4,41.46528170367955,-375.0723587241361
tie_correct,1,IL13RA1,70.18150089956981,-1071.4907435119108
tie_correct,1,LAMP2,45.57911935861898,-452.8708996518517
tie_correct,1,FLNA,42.283976029148576,-389.9695499737337
tie_correct,1,ATP6AP1,37.90446411283454,-313.6630029837482
tie_correct,2,FCRL2,43.24701631034827,-407.8656924720664
tie_correct,2,FCRL1,61.167088964413296,-814.3221545345633
tie_correct,2,RALGPS2,62.16219827183076,-840.9787981041497
tie_correct,2,BCL11A,40.52102476699681,-358.25166549628386
tie_correct,2,AFF3,49.164999263839846,-526.6775879848075
tie_correct,2,BANK1,65.64644636132225,-937.7018348810357
tie_correct,2,MARCH1,38.31335415933501,-320.43498659736537
tie_correct,2,MEF2C,47.68208918220383,-495.4785837901807
tie_correct,2,CD74,44.67024436205709,-435.050573465399
tie_correct,2,HLA-DRA,45.9476510242662,-460.19888156818274
tie_correct,2,HLA-DRB1,43.116702246379894,-405.4205198006984
tie_correct,2,HLA-DQA1,59.4247322521761,-768.6839421694938
tie_correct,2,HLA-DQB1,46.55779857207708,-472.4608241082121
tie_correct,2,HLA-DOB,42.838438107376334,-400.22393259739255
tie_correct,2,HLA-DMB,40.77189642846637,-362.6828631733685
tie_correct,2,HLA-DPA1,40.175359496395835,-352.1908578368649
tie_correct,2,HLA-DPB1,40.556545073679835,-358.8774079367127
tie_correct,2,COL19A1,41.59412198452796,-377.39748331798944
tie_correct,2,BLK,46.415256326181805,-469.5817307227996
tie_correct,2,ADAM28,41.42329774180126,-374.31624884977555
tie_correct,2,PLPP5,39.14491578468513,-334.4310408686676
tie_correct,2,PAX5,51.98290447463091,-588.5942104437562
tie_correct,2,SWAP70,43.99198224213135,-421.98551903772267
tie_correct,2,MS4A1,74.61748437778978,-1210.9966496573993
tie_correct,2,LINC02397,50.422248169545014,-553.8766736225814
tie_correct,2,HVCN1,44.6293532766822,-434.2572504987193
tie_correct,2,TCL1A,46.253774004063445,-466.3307381617439
tie_correct,2,IGHD,57.65714984164431,-723.7318070023259
tie_correct,2,IGHM,54.53990350425474,-647.761336388023
tie_correct,2,LINC00926,68.84715346967963,-1031.1988767575897
tie_correct,2,P2RX5,41.33828070768006,-372.78747838514454
tie_correct,2,CD79B,45.080984146579496,-443.05954739284533
tie_correct,2,FCER2,52.44844442499558,-599.155119488529
tie_correct,2,NIBAN3,45.846709568630246,-458.1858721832357
tie_correct,2,CD22,55.66233576146113,-674.6301074857118
tie_correct,2,CD79A,54.22723860277787,-640.3741699703588
tie_correct,2,CD37,39.23310722584496,-335.9329974760855
tie_correct,2,SPIB,38.15275186956524,-317.7664594841349
tie_correct,2,CD40,40.17132076939281,-352.1203503179861
tie_correct,2,IGLC2,44.48292553494905,-431.4223767913495
tie_correct,2,IGLC3,43.63299069319244,-415.1512449097512
tie_correct,2,VPREB3,43.06264488237292,-404.4083672595791
tie_correct,2,TNFRSF13C,61.32837673680644,-818.6134801373823
tie_correct,3,EPHA2,65.78043339173155,-941.5265737411108
tie_correct,3,LINC01226,47.50788613569699,-491.8761767534746
tie_correct,3,LINC02812,52.29096330496812,-595.5720838117511
tie_correct,3,AL513493.1,48.41829398311355,-510.8483047481521
tie_correct,3,PPM1J,62.80478426206929,-858.420626921973
tie_correct,3,FCER1A,39.12275582794249,-334.054173305778
tie_correct,3,LINC01724,64.29280764372245,-899.4985872858127
tie_correct,3,PFKFB2,39.093979939614464,-333.56510870178465
tie_correct,3,SLC35F3,76.96126743261209,-1288.1554796087564
tie_correct,3,AC007381.1,42.39747943519856,-392.057852621357
tie_correct,3,PROC,72.11878841064834,-1131.3649719011028
tie_correct,3,AC011893.1,83.72425330852987,-1524.1689739824096
tie_correct,3,SCN9A,53.24598395513632,-617.4662009857509
tie_correct,3,TLR9,62.333941567480515,-845.6229028114498
tie_correct,3,DNASE1L3,60.60262394675146,-799.3925704879325
tie_correct,3,EPHB1,78.86732020189875,-1352.6626340103185
tie_correct,3,P2RY14,44.16005383237366,-425.2043949765148
tie_correct,3,P3H2,72.12734412054893,-1131.633010904292
tie_correct,3,FAM160A1,53.03188929246467,-612.5235871979233
tie_correct,3,AC097375.1,76.7202213142425,-1280.1100444505912
tie_correct,3,DAB2,46.70399711314382,-475.4229303115311
tie_correct,3,C5orf64,40.29612928860989,-354.3025106765353
tie_correct,3,TIFAB,44.30607515338733,-428.01092245156747
tie_correct,3,AL022724.3,51.04142807233411,-567.5240868424147
tie_correct,3,NOTCH4,48.4427020762719,-511.361901255082
tie_correct,3,PACSIN1,85.80361983426344,-1600.72632619538
tie_correct,3,KCNK17,51.88174534890677,-586.3118300607051
tie_correct,3,PTCRA,89.43817268010044,-1739.0509659192485
tie_correct,3,AL096865.1,41.83757937315082,-381.810723687692
tie_correct,3,TNFRSF21,60.600428071794454,-799.3347617282618
tie_correct,3,LINC00326,39.66873649704669,-343.4015616855226
tie_correct,3,AL591115.1,45.972086772942134,-460.68685266752084
tie_correct,3,COBL,40.657592533644696,-360.6605023310646
tie_correct,3,COL26A1,57.99131068088128,-732.1260109092754
tie_correct,3,PLXNA4,62.60946518591287,-853.1000805022541
tie_correct,3,LINC00996,62.450207462626345,-848.7741144353412
tie_correct,3,VIPR2,40.78035199416672,-362.83269143172214
tie_correct,3,AC023590.1,49.59284690820146,-535.8565379960015
tie_correct,3,TNFRSF11B,37.8758312357809,-313.1915074566175
tie_correct,3,ZFAT,42.54157144879882,-394.71699800574106
tie_correct,3,TPM2,61.34310041045941,-819.0057902082707
tie_correct,3,FAM221B,38.38849152652821,-321.6872938116964
tie_correct,3,CCDC183,39.18599450307488,-335.13021771782974
tie_correct,3,LRRC26,73.55366298895554,-1176.762009423513
tie_correct,3,NRP1,70.97261501187292,-1095.7442278106214
tie_correct,3,AL450313.1,40.425008380823115,-356.56293648047244
tie_correct,3,CERNA2,51.720278421496175,-582.6779730553129
tie_correct,3,SCT,94.49319228403144,-1940.973273352985
tie_correct,3,PPP1R14B-AS1,51.210086466717584,-571.2703477451809
tie_correct,3,KIRREL3,52.69650361434201,-604.8208385756614
tie_correct,3,KCNA5,47.24756829904915,-486.51752263019335
tie_correct,3,CLEC4C,82.9223819761224,-1495.14759238036
tie_correct,3,KRT5,68.90322904512725,-1032.8765692845257
tie_correct,3,CMKLR1,40.74268785094151,-362.1655410048006
tie_correct,3,CUX2,83.69407343206512,-1523.0716453117454
tie_correct,3,GAS6,49.80190591431866,-540.3705459247934
tie_correct,3,KLHL33,54.813993333542946,-654.2720208624949
tie_correct,3,EGLN3,51.22944250539761,-571.7010763900423
tie_correct,3,AC004846.1,46.907093950627996,-479.55324172520403
tie_correct,3,KCNK10,53.610710458643375,-625.9321447794158
tie_correct,3,LGMN,45.5076401617755,-451.4564146096483
tie_correct,3,CYP46A1,47.87084002972776,-499.39669976874427
tie_correct,3,PLD4,38.38187375388709,-321.57689763854285
tie_correct,3,MAP1A,64.10973305076753,-894.3928165308125
tie_correct,3,SCAMP5,74.85831172846177,-1218.814884553484
tie_correct,3,CIB2,43.30529521595556,-408.96160516822954
tie_correct,3,SLC12A3,55.163528576473034,-662.6221410323826
tie_correct,3,SMPD3,73.6269325799205,-1179.1041275536027
tie_correct,3,SERPINF1,61.72117765763854,-829.1118414348949
tie_correct,3,AC104024.1,38.79131569497864,-328.4429054028569
tie_correct,3,RASD1,45.722741444461384,-455.719708561755
tie_correct,3,CUEDC1,55.22896888085979,-664.1913530216592
tie_correct,3,SMIM6,44.44415483301329,-430.6733257551689
tie_correct,3,LINC01478,40.9925764115277,-366.6033622611411
tie_correct,3,KCNG2,41.972793512521946,-384.2729114018144
tie_correct,3,SHD,76.14020485004733,-1260.854135792836
tie_correct,3,PTPRS,60.720374755869834,-802.4955527457704
tie_correct,3,AC005790.1,37.8758312357809,-313.1915074566175
tie_correct,3,CADM4,49.562925183554064,-535.2120194073192
tie_correct,3,LILRA4,94.7518345418766,-1951.6031143041182
tie_correct,3,LILRB4,41.18187398971623,-369.9831782892575
tie_correct,3,NLRP7,47.38023075454154,-489.24470934340667
tie_correct,3,LAMP5,42.18232301900435,-388.10402454833377
tie_correct,3,ASIP,73.30398806411046,-1168.7984663934783
tie_correct,3,DERL3,43.469048008823655,-412.0488051915359
tie_correct,3,IL3RA,57.99726479466275,-732.2760193477051
tie_correct,3,PHEX,57.665069044445644,-723.9301785104102
tie_correct,4,RPL22,-52.8824026976498,-609.0843205117172
tie_correct,4,PARK7,-43.00626870854911,-403.3541492689341
tie_correct,4,MICOS10,-37.69461345046049,-310.21565929269315
tie_correct,4,CDC42,-38.22399143929979,-318.948776742594
tie_correct,4,RPL11,-50.74849613248677,-561.0467969387814
tie_correct,4,SH3BGRL3,-53.326991274479994,-619.3415343603895
tie_correct,4,CD52,-41.75607878715641,-380.33046839964663
tie_correct,4,ATP5IF1,-40.448558613469764,-356.9767658533194
tie_correct,4,NDUFS5,-42.22166065908372,-388.8254128064582
tie_correct,4,YBX1,-56.48912552276314,-694.7716324007254
tie_correct,4,RPS8,-53.58079567418071,-625.2355958553736
tie_correct,4,PRDX1,-40.809664060366025,-363.3523263583843
tie_correct,4,UQCRH,-48.02489196172546,-502.6059933288041
tie_correct,4,TMEM59,-44.10627005253162,-424.17300391292713
tie_correct,4,GNG5,-41.391391281510124,-373.74214131645886
tie_correct,4,RPL5,-51.63611532841578,-580.7883472214194
tie_correct,4,LAMTOR5,-42.53910712736817,-394.67144445147784
tie_correct,4,S100A6,-43.2445616451445,-407.81956577994583
tie_correct,4,JTB,-42.77674554812541,-399.0763747962969
tie_correct,4,RPS27,-46.00677701311553,-461.3800466085598
tie_correct,4,KRTCAP2,-41.09874972512982,-368.49711972621697
tie_correct,4,SSR2,-38.58613587308436,-324.9931123034637
tie_correct,4,CD48,-41.5672975738617,-376.9128009447137
tie_correct,4,PRDX6,-45.016825927941134,-441.80370659975614
tie_correct,4,ARPC5,-38.98506627149953,-331.7173056132079
tie_correct,4,H3F3A,-57.50135641600192,-719.8348074032288
tie_correct,4,ARF1,-39.235494677230854,-335.9737042272871
tie_correct,4,GUK1,-46.68655508700589,-475.0690526565367
tie_correct,4,TOMM20,-41.527531255827206,-376.1948497491324
tie_correct,4,RPS7,-52.49930122667343,-600.3145215155772
tie_correct,4,SF3B6,-39.48524988317006,-340.24577005326944
tie_correct,4,OST4,-55.313412387836344,-666.2189957746373
tie_correct,4,RPS27A,-52.01553598037108,-589.3313992380278
tie_correct,4,PCBP1,-38.23271945967263,-319.09378153201203
tie_correct,4,SNRPG,-37.76619142967024,-311.3893663598344
tie_correct,4,TMSB10,-45.74294813827674,-456.1212359647447
tie_correct,4,VAMP8,-39.42353962514449,-339.1876971177809
tie_correct,4,COX5B,-44.983760503608224,-441.15717768173664
tie_correct,4,RPL31,-52.51929536772675,-600.7706431232465
tie_correct,4,DBI,-39.09724171451707,-333.6205265903529
tie_correct,4,GYPC,-46.25175494861969,-466.29016180775056
tie_correct,4,MZT2B,-46.25530646016543,-466.36153665543424
tie_correct,4,ATP5MC3,-41.42971464946894,-374.4317645736738
tie_correct,4,EEF1B2,-51.567856562081616,-579.2580629710617
tie_correct,4,RPL37A,-53.0640682862572,-613.2652044162071
tie_correct,4,PTMA,-44.19849993109204,-425.9424307543587
tie_correct,4,COPS9,-40.62836845971107,-360.14435565480466
tie_correct,4,BRK1,-41.456956503933796,-374.9223652834246
tie_correct,4,RPL32,-53.19206791980858,-616.2196145841315
tie_correct,4,RPL15,-55.46467004014799,-669.8587072495354
tie_correct,4,RPSA,-47.69385938317679,-495.7224590951087
tie_correct,4,EIF1B,-40.03525599658935,-349.7490879075767
tie_correct,4,RPL14,-50.361718465758834,-552.551462204381
tie_correct,4,TMA7,-48.11596659386462,-504.50815522897426
tie_correct,4,RHOA,-42.165450895180015,-387.79482309584955
tie_correct,4,RPL29,-55.01464571305365,-659.0589624687141
tie_correct,4,SPCS1,-40.26553915388407,-353.76704528251014
tie_correct,4,SELENOK,-39.480973227020264,-340.17238997714253
tie_correct,4,MTRNR2L12,76.68469455559918,-1278.9263953695408
tie_correct,4,RPL24,-56.005030469272384,-682.9425219299968
tie_correct,4,NDUFB4,-41.64106718967559,-378.2464739747667
tie_correct,4,CNBP,-41.27099256074246,-371.57973165136696
tie_correct,4,SEC62,-43.526237143322454,-413.12972329410724
tie_correct,4,RPL35A,-58.36579444008909,-741.590745202769
tie_correct,4,ATP5ME,-44.567699566480194,-433.0624865521789
tie_correct,4,RPL9,-53.608089861488175,-625.871110122679
tie_correct,4,CCNI,-51.54139710218904,-578.6654158497191
tie_correct,4,RPL34,-52.58148236343366,-602.1904096890001
tie_correct,4,RPS3A,-53.12934301116465,-614.7709473962617
tie_correct,4,RPL37,-53.32784809721612,-619.3613851801106
tie_correct,4,BTF3,-61.38094730777569,-820.0146470259773
tie_correct,4,NSA2,-41.63070787157542,-378.05904640658264
tie_correct,4,TBCA,-42.159885991118834,-387.69286680159047
tie_correct,4,RPS23,-54.4023335216068,-644.5058151430018
tie_correct,4,COX7C,-55.53819560917279,-671.6315400255504
tie_correct,4,HINT1,-47.35145810872686,-488.65257158269543
tie_correct,4,UBE2B,-38.01781343371031,-315.5330103574548
tie_correct,4,PAIP2,-40.7336329976815,-362.00524288232987
tie_correct,4,NDUFA2,-40.13253723672159,-351.4436333618679
tie_correct,4,RPS14,-54.37031470811565,-643.7492854905909
tie_correct,4,NPM1,-40.229456932891075,-353.13596566324827
tie_correct,4,ATP6V0E1,-45.27720652653819,-446.9115173424601
tie_correct,4,HIGD2A,-39.05892600529628,-332.96983024311663
tie_correct,4,RACK1,-53.93363185529471,-633.4759206415532
tie_correct,4,TMEM14B,-38.687016176580656,-326.6869810979509
tie_correct,4,HIST1H4C,-42.42988602512473,-392.6551143861457
tie_correct,4,CLIC1,-44.4501739719231,-430.789572899774
tie_correct,4,RPS18,-48.333027422485536,-509.0561506565343
tie_correct,4,RPS10,-56.412506601507395,-692.8926325486991
tie_correct,4,RPL10A,-51.89540109125508,-586.6196753464706
tie_correct,4,TOMM6,-46.166364356365555,-464.57571261071234
tie_correct,4,EEF1A1,-46.13508337447794,-463.9484536541425
tie_correct,4,COX7A2,-49.42968718836273,-532.3467709907691
tie_correct,4,SNX3,-45.53541834273505,-452.0058470341809
tie_correct,4,RPS12,-55.478968549277056,-670.203286006438
tie_correct,4,SF3B5,-37.70985324584479,-310.46536905214066
tie_correct,4,PSMB1,-41.64355115457679,-378.2914224182059
tie_correct,4,NDUFA4,-49.81333754261396,-540.6179250772892
tie_correct,4,TOMM7,-49.59591072062546,-535.9225549270222
tie_correct,4,PPIA,-39.24380405280614,-336.11540082322233
tie_correct,4,SEC61G,-40.112805793353175,-351.0995985672217
tie_correct,4,CHCHD2,-53.75436621708993,-629.2825008445674
tie_correct,4,ATP5MF,-47.467290895052706,-491.03858591140636
tie_correct,4,LAMTOR4,-40.73269009146294,-361.9885526536008
tie_correct,4,FIS1,-45.29249613617003,-447.212363988521
tie_correct,4,ATP6V1F,-37.83638281437161,-312.5424959258289
tie_correct,4,MTPN,-42.934948920347644,-402.0224666003817
tie_correct,4,NDUFB2,-42.17580958002155,-387.9846434987845
tie_correct,4,RPS20,-52.69000258104725,-604.6720128579096
tie_correct,4,SNHG6,-46.067122213735416,-462.5871327372042
tie_correct,4,RPL7,-55.76734120471438,-677.1717051061817
tie_correct,4,UQCRB,-55.054191264904176,-660.0044582696005
tie_correct,4,RPL30,-55.64073024920413,-674.1077520425407
tie_correct,4,COX6C,-51.39049530674138,-575.291280590449
tie_correct,4,EIF3E,-47.00924789965563,-481.637480032089
tie_correct,4,EIF3H,-45.85616769813717,-458.3743016696981
tie_correct,4,EEF1D,-40.60369545553859,-359.708877172658
tie_correct,4,RPL8,-54.467086293544895,-646.0371318855614
tie_correct,4,RPS6,-50.722016427849134,-560.4631155280122
tie_correct,4,ANP32B,-43.40741231216963,-410.88543320013287
tie_correct,4,SEC61B,-41.574054416546815,-377.03485891771874
tie_correct,4,TXN,-40.219294374973565,-352.95832407078615
tie_correct,4,ATP6V1G1,-44.71985002513021,-436.013941212342
tie_correct,4,RPL35,-50.99164408986214,-566.4206394877305
tie_correct,4,RPL12,-57.059236763221186,-708.8330603727973
tie_correct,4,C9orf16,-40.42311104586666,-356.5296066112209
tie_correct,4,C9orf78,-37.973666353857084,-314.80402046698805
tie_correct,4,RPL7A,-55.93421257362287,-681.2205810932347
tie_correct,4,EDF1,-43.74674682917242,-417.3108140245762
tie_correct,4,ANAPC16,-44.49331835107342,-431.6232771818695
tie_correct,4,RPS24,-55.47144524214737,-670.0219712969381
tie_correct,4,GHITM,-40.223358514816155,-353.0293598886112
tie_correct,4,NDUFB8,-39.084647509773475,-333.40657527176364
tie_correct,4,ATP5MD,-44.48893645178838,-431.5385662932394
tie_correct,4,RGS10,-40.45327278439385,-357.05963311834824
tie_correct,4,TALDO1,-44.471865897534364,-431.2086377734099
tie_correct,4,RPLP2,-53.094109934906136,-613.9579687915383
tie_correct,4,POLR2L,-38.11337839610355,-317.1139483800592
tie_correct,4,EIF3F,-41.52544629773806,-376.1572263237063
tie_correct,4,RPL27A,-54.23792783632803,-640.6260180848404
tie_correct,4,RPS13,-57.52991870155442,-720.5484723918798
tie_correct,4,SELENOH,-38.600924390925194,-325.2411482107053
tie_correct,4,TMEM258,-41.21307990249989,-370.54183797046267
tie_correct,4,FTH1,-47.99889709038559,-502.06373151111325
tie_correct,4,EEF1G,-47.87493860884272,-499.48195019625973
tie_correct,4,UBXN1,-42.14342746088355,-387.39140374583263
tie_correct,4,COX8A,-43.35576536611717,-409.9118683792708
tie_correct,4,TRMT112,-42.78013994951587,-399.139471907416
tie_correct,4,PRDX5,-43.07029271140555,-404.5514856973769
tie_correct,4,FAU,-59.412495635433444,-768.3680847312422
tie_correct,4,MALAT1,59.634747303192825,-774.1150844500847
tie_correct,4,CFL1,-44.81627613688351,-437.88964258275536
tie_correct,4,GSTP1,-38.36534773580579,-321.301297372991
tie_correct,4,UCP2,-39.6970487326749,-343.8898059498888
tie_correct,4,RPS3,-53.29633118263742,-618.6314128795526
tie_correct,4,NDUFC2,-39.09599198306428,-333.5992929797293
tie_correct,4,ATP5MG,-58.98011259859464,-757.2489395953547
tie_correct,4,RPS25,-55.38822169310964,-668.0178899173136
tie_correct,4,GAPDH,-40.77428068782421,-362.7251078766803
tie_correct,4,YBX3,-41.541483829778045,-376.446674895015
tie_correct,4,PFDN5,-56.66100101591525,-698.9959727059177
tie_correct,4,ATP5MC2,-47.85793566651225,-499.12833669477493
tie_correct,4,BLOC1S1,-40.54736877733629,-358.71570151998225
tie_correct,4,RPS26,-52.347202229557155,-596.8504049027936
tie_correct,4,RPL41,-52.62616121118833,-603.211491118488
tie_correct,4,MYL6,-50.37397661207591,-552.819708371547
tie_correct,4,PTGES3,-42.362507450919935,-391.413821374499
tie_correct,4,NACA,-57.7481569331581,-726.0131241624183
tie_correct,4,SNRPF,-39.35390057336607,-337.99566349858367
tie_correct,4,ISCU,-42.27542693674643,-389.8124851801473
tie_correct,4,ARPC3,-52.702822586776016,-604.9655140270057
tie_correct,4,ERP29,-40.83707834479062,-363.8386555035371
tie_correct,4,RPL6,-53.74244146926987,-629.0040495193405
tie_correct,4,RPLP0,-42.6916128809532,-397.4955148156741
tie_correct,4,COX6A1,-41.38780895639079,-373.67771049250445
tie_correct,4,DYNLL1,-40.30208799145396,-354.40686212672233
tie_correct,4,SAP18,-45.450956786954244,-450.33629736260076
tie_correct,4,RPL21,-60.73327425151445,-802.8358475361551
tie_correct,4,GTF3A,-39.921407007273764,-347.7711645436508
tie_correct,4,POLR1D,-38.99016075486119,-331.80362261702743
tie_correct,4,POMP,-40.614044757357576,-359.89151016182336
tie_correct,4,TPT1,-54.74609645942889,-652.6561707275838
tie_correct,4,ITM2B,-40.82379883762378,-363.6030364378108
tie_correct,4,COMMD6,-50.063163759331154,-546.0383036667832
tie_correct,4,DAD1,-41.188987991021534,-370.1104985514563
tie_correct,4,PSME1,-43.88276454695001,-419.9003748838126
tie_correct,4,NEDD8,-43.38716741851721,-410.50367118488595
tie_correct,4,RPS29,-52.3587040768855,-597.1120131336137
tie_correct,4,RPL36AL,-52.79273926276317,-607.0260713420862
tie_correct,4,ERH,-38.160023592397074,-317.88704264633833
tie_correct,4,NDUFB1,-40.64636277399027,-360.46212188987084
tie_correct,4,GLRX5,-41.86097984374237,-382.23626772672765
tie_correct,4,ATP5MPL,-43.95258233001901,-421.2327133519051
tie_correct,4,NOP10,-38.6640932699757,-326.3016976010509
tie_correct,4,SRP14,-49.4376398949199,-532.5175756078602
tie_correct,4,SERF2,-57.90414343906305,-729.9316742492765
tie_correct,4,PPIB,-43.07324320735682,-404.60670689444265
tie_correct,4,RPL4,-41.70269344278138,-379.3624192653699
tie_correct,4,RPLP1,-53.26646709739331,-617.9401201434373
tie_correct,4,RPS17,-49.890256986387435,-542.2839283237017
tie_correct,4,ISG20,-38.49547488604518,-323.47460310714155
tie_correct,4,NDUFB10,-38.58052671365059,-324.8990592148285
tie_correct,4,RPS2,-48.14089844622416,-505.0295034122614
tie_correct,4,ATP6V0C,-46.212750280941655,-465.50664395422825
tie_correct,4,ELOB,-55.82170932598802,-678.4895358065558
tie_correct,4,RPS15A,-55.35632705199173,-667.2506416392439
tie_correct,4,GABARAPL2,-46.62539991825332,-473.82933137416666
tie_correct,4,TERF2IP,-39.21064588505999,-335.5501461018153
tie_correct,4,COX4I1,-53.563966154347945,-624.843900722478
tie_correct,4,MAP1LC3B,-40.284602326152694,-354.1006891320028
tie_correct,4,APRT,-43.350309930068136,-409.80909891852554
tie_correct,4,RPL13,-46.409234243010324,-469.46028981103
tie_correct,4,PFN1,-39.43243904522838,-339.3401829759714
tie_correct,4,RNASEK,-42.014414482248256,-385.0324075574982
tie_correct,4,GABARAP,-54.633412009874284,-649.978856465914
tie_correct,4,EIF5A,-41.11998520286947,-368.87647291988526
tie_correct,4,TRAPPC1,-39.05773635498991,-332.94963721125265
tie_correct,4,RPL26,-57.36904017063188,-716.5333389067198
tie_correct,4,UBB,-52.80509962405955,-607.3095994762941
tie_correct,4,SNHG29,-47.505624167263626,-491.829487338014
tie_correct,4,RPL23A,-54.34546094377269,-643.1623560198917
tie_correct,4,PSMB3,-38.17038721977038,-318.0589368983963
tie_correct,4,RPL23,-51.959157809610254,-588.0580325389546
tie_correct,4,RPL19,-53.743265436480826,-629.0232877530397
tie_correct,4,KRT10,-40.00376418219743,-349.2014108989905
tie_correct,4,RPL27,-56.44704492974807,-693.7393338491852
tie_correct,4,NME2,-47.07425007089588,-482.9660721366679
tie_correct,4,RPL38,-51.61109093796728,-580.2270938766162
tie_correct,4,ATP5PD,-40.849846703267666,-364.0652774059398
tie_correct,4,SUMO2,-47.84376193116398,-498.8336586750458
tie_correct,4,MYL12A,-46.1618494551451,-464.4851517481442
tie_correct,4,MYL12B,-50.7927163637354,-562.0222042157087
tie_correct,4,RPL17,-54.43445997968839,-645.2653355227802
tie_correct,4,GPX4,-42.94219831593818,-402.157726468226
tie_correct,4,ATP5F1D,-43.029068967916004,-403.7803413168975
tie_correct,4,RPS15,-56.1052929277506,-685.3841323800884
tie_correct,4,UQCR11,-54.18621132672714,-639.407990423572
tie_correct,4,OAZ1,-58.81429956349668,-753.0064305105632
tie_correct,4,LSM7,-39.21489717972445,-335.6225922070273
tie_correct,4,RPL36,-51.22492819165266,-571.6006051223337
tie_correct,4,NDUFA11,-40.839998006504956,-363.89046949472146
tie_correct,4,PET100,-38.81002288142625,-328.75834775248546
tie_correct,4,TRAPPC5,-41.33637401866603,-372.75322840260105
tie_correct,4,RPS28,-53.922337652025014,-633.211312436184
tie_correct,4,UBL5,-51.666275647590574,-581.4651517540597
tie_correct,4,EIF3G,-39.03149749717912,-332.5044170547431
tie_correct,4,WDR83OS,-38.95816852663221,-331.2617576696152
tie_correct,4,TRIR,-42.98162117424706,-402.8936809906657
tie_correct,4,PRDX2,-40.030398511071624,-349.66458285896135
tie_correct,4,C19orf53,-43.59079904386599,-414.35169826096154
tie_correct,4,RPL18A,-54.03968140705257,-635.9632223161002
tie_correct,4,FKBP8,-38.77542661665534,-328.1751015467526
tie_correct,4,UBA52,-64.53791663269989,-906.3572209326527
tie_correct,4,COPE,-38.194598720757746,-318.46069781559686
tie_correct,4,NDUFA13,-46.608416380404336,-473.485333659052
tie_correct,4,COX6B1,-53.18248336628445,-615.9981433479722
tie_correct,4,EIF3K,-50.863870162690525,-563.5934924931174
tie_correct,4,GMFG,-44.47824489785361,-431.3319121216669
tie_correct,4,RPS16,-54.41014719104789,-644.6905014328817
tie_correct,4,RPS19,-47.89429557927993,-499.8846736441017
tie_correct,4,SNRPD2,-43.7791382156522,-417.9267659708273
tie_correct,4,AP2S1,-40.23909702442486,-353.3045159669553
tie_correct,4,RPL18,-53.75706030506898,-629.345418260282
tie_correct,4,FTL,-63.29117592913081,-871.742055530914
tie_correct,4,RPL13A,-47.403832724160814,-489.73070348529836
tie_correct,4,RPS11,-58.70523175500482,-750.2223188705009
tie_correct,4,NDUFA3,-40.618327720969994,-359.9671047491784
tie_correct,4,RPS9,-54.52773659876921,-647.4730817675598
tie_correct,4,RPL28,-51.014272718478,-566.9220630138186
tie_correct,4,RPS5,-54.581824736862856,-648.7550136712763
tie_correct,4,DYNLRB1,-38.30030414532596,-320.21773301288005
tie_correct,4,UBE2V1,-39.220079096977436,-335.71090761416406
tie_correct,4,ATP5F1E,-63.91068567344075,-888.8580927804833
tie_correct,4,PSMA7,-43.33572238431671,-409.5343623034768
tie_correct,4,RPS21,-38.70523976361294,-326.99344211515546
tie_correct,4,PPDPF,-41.07996541670175,-368.16171766631464
tie_correct,4,ATP5PF,-44.40338577950822,-429.88637031236095
tie_correct,4,SOD1,-47.12712480813414,-484.04814204997615
tie_correct,4,ATP5PO,-44.505697190170345,-431.86262996290117
tie_correct,4,MIF,-45.59624044292898,-453.21003400859877
tie_correct,4,DDT,-39.52814865248638,-340.9822784486539
tie_correct,4,UQCR10,-47.65547039215406,-494.9272716297976
tie_correct,4,RPL3,-45.311625866101316,-447.5889138302807
tie_correct,4,ST13,-40.44037864513025,-356.83299853752675
tie_correct,4,RBX1,-48.70104788449612,-516.8138841960861
tie_correct,4,SMDT1,-45.750039821242694,-456.2621968815166
tie_correct,4,TSPO,-42.09006920700055,-386.41487451968516
tie_correct,4,SLC25A6,-45.1743179251618,-444.8896645052073
tie_correct,4,TMSB4X,-46.8761309127052,-478.92240011592787
tie_correct,4,NDUFB11,-45.32071548566981,-447.7678896867535
tie_correct,4,UXT,-46.81116025097877,-477.6000392755551
tie_correct,4,RPS4X,-53.6863742371068,-627.6956673600657
tie_correct,4,COX7B,-46.952018927385886,-480.46928415801926
tie_correct,4,SH3BGRL,-42.35646731188872,-391.3026421491526
tie_correct,4,RPL36A,-52.225799085969435,-594.0926063940491
tie_correct,4,SLC25A5,-39.8743345385877,-346.955008118063
tie_correct,4,RPL39,-54.36768406451337,-643.6871493232268
tie_correct,4,NDUFA1,-47.46065302992254,-490.9016966506747
tie_correct,4,SSR4,-44.94951214219031,-440.4880191324385
tie_correct,4,RPL10,-50.42330006716825,-553.8997174795027
tie_correct,4,RPS4Y1,-47.65016580460016,-494.8174430001721
tie_correct,4,EIF1AY,-38.975033298682064,-331.5473475817737
tie_correct,4,MT-ND1,72.5284085928669,-1144.233494003857
tie_correct,4,MT-ND2,72.89321875740758,-1155.7556129348563
tie_correct,4,MT-CO1,74.59418087033347,-1210.2414594040483
tie_correct,4,MT-CO2,75.24483824664988,-1231.4157531956098
tie_correct,4,MT-ATP6,77.9968561123513,-1323.0075253930547
tie_correct,4,MT-CO3,75.8116359984864,-1250.0108257452541
tie_correct,4,MT-ND3,74.44181464344976,-1205.3095808198725
tie_correct,4,MT-ND4L,48.92726926380699,-521.6117250151619
tie_correct,4,MT-ND4,75.33623733062748,-1234.404871700298
tie_correct,4,MT-ND5,73.25588570720524,-1167.2673204376756
tie_correct,4,MT-CYB,77.51512418618236,-1306.7372314423537
tie_correct,5,RPL22,-50.599798338287,-557.773056457919
tie_correct,5,PINK1,49.621810015023826,-536.4807779998115
tie_correct,5,RPL11,-54.68770263477111,-651.2680806478061
tie_correct,5,PITHD1,62.62983957788651,-853.6543108533506
tie_correct,5,SRRM1,-39.008990669345,-332.12275995035276
tie_correct,5,RSRP1,-40.94130498199261,-365.6906126456943
tie_correct,5,CD52,-42.769823953183845,-398.9477276525428
tie_correct,5,HMGN2,-41.55545265431502,-376.6988779869029
tie_correct,5,ATP5IF1,-38.21695881520809,-318.831962825307
tie_correct,5,LAPTM5,-41.15451445751509,-369.49372565778094
tie_correct,5,RPS8,-54.37718624154766,-643.911606238665
tie_correct,5,UQCRH,-37.880804861962176,-313.27338226675374
tie_correct,5,PDZK1IP1,65.6703215073222,-938.3827942799285
tie_correct,5,RNF11,40.29040312954489,-354.20224615654115
tie_correct,5,JUN,-50.5365337749096,-556.3831303897878
tie_correct,5,JAK1,-38.092618519524386,-316.77017926789927
tie_correct,5,RPL5,-51.857707596581236,-585.7701368466036
tie_correct,5,TENT5C,51.55447948340668,-578.9584010608636
tie_correct,5,TXNIP,-57.03619733774552,-708.262071598444
tie_correct,5,SELENBP1,79.01068960954436,-1357.5785235602211
tie_correct,5,S100A6,-42.994177992875116,-403.1282360765437
tie_correct,5,S100A4,-38.107908714812,-317.0233561153733
tie_correct,5,RPS27,-58.4661936130113,-744.1385924859577
tie_correct,5,TPM3,-41.60784758915824,-377.6456080129575
tie_correct,5,CD48,-41.08050623927988,-368.1713721492664
tie_correct,5,CREG1,40.053989030721944,-350.07507998709406
tie_correct,5,PRRC2C,-43.319442385008465,-409.22785968764856
tie_correct,5,GAS5,-43.84006666505907,-419.08661038407985
tie_correct,5,GLUL,39.420266060760774,-339.13161533813997
tie_correct,5,ARPC5,-38.044648059319485,-315.97653727153704
tie_correct,5,PTPRC,-51.90685166071535,-586.8778711949963
tie_correct,5,ADIPOR1,70.53295260884396,-1082.2317844917827
tie_correct,5,BTG2,-45.50823273456161,-451.4681317763819
tie_correct,5,TMCC2,68.2773211066731,-1014.2278256157458
tie_correct,5,YOD1,53.91056676791349,-632.935595165292
tie_correct,5,H3F3A,-41.896817363066035,-382.88844367070607
tie_correct,5,GUK1,56.99613794710977,-707.2698237529376
tie_correct,5,HNRNPU,-46.003047434253,-461.3054956434551
tie_correct,5,TRIM58,79.47323668813144,-1373.4993136211558
tie_correct,5,RPS7,-52.179743561459254,-593.0480814302707
tie_correct,5,LINC00570,58.723207110539676,-750.680810044211
tie_correct,5,SRSF7,-50.25585448402224,-550.2375450796037
tie_correct,5,ZFP36L2,-53.839999874545605,-631.2839210084891
tie_correct,5,CALM2,-42.54981271498783,-394.86935887404127
tie_correct,5,RPS27A,-54.25910899234433,-641.1252120201741
tie_correct,5,ACTR2,-38.336791215711166,-320.82534680395815
tie_correct,5,TMSB10,-52.41754730251452,-598.4512942353472
tie_correct,5,RPIA,44.67295789008178,-435.1032439726137
tie_correct,5,RPL31,-48.36826125250568,-509.7963215548318
tie_correct,5,GYPC,41.30605381652488,-372.2087966358945
tie_correct,5,MZT2B,-38.635300966728465,-325.81808561004925
tie_correct,5,CXCR4,-48.22219445774011,-506.7313529561693
tie_correct,5,HNRNPA3,-41.268594074062456,-371.53671778010596
tie_correct,5,STRADB,61.820915203466576,-831.7881839425876
tie_correct,5,EEF1B2,-48.91371512859754,-521.3236349891853
tie_correct,5,RPL37A,-53.46422231890239,-622.5249577194012
tie_correct,5,TNS1,42.707473693828625,-397.78980166450623
tie_correct,5,ARPC2,-45.988965766044096,-461.0240700549215
tie_correct,5,NCL,-44.246765149817875,-426.86986893672713
tie_correct,5,PTMA,-58.05208528580701,-733.657894620196
tie_correct,5,EMC3,48.0037744207111,-502.1654519172226
tie_correct,5,RPL32,-53.046958613402495,-612.8708282263568
tie_correct,5,RPL15,-52.19815117571128,-593.4654499204762
tie_correct,5,RPSA,-52.61592765655718,-602.9775389962191
tie_correct,5,EIF1B,38.285447094922475,-319.97048628039533
tie_correct,5,RPL14,-53.10510218141456,-614.2115493546702
tie_correct,5,TMA7,-44.2458010479332,-426.8513333819302
tie_correct,5,RPL29,-51.923514460024464,-587.2536979139742
tie_correct,5,FOXP1,-40.876908565384554,-364.5458244901415
tie_correct,5,MTRNR2L12,-58.80097196507104,-752.6659475222267
tie_correct,5,RPL24,-48.08764296987156,-503.91620935259624
tie_correct,5,SERP1,-38.42926319280232,-322.36785672206287
tie_correct,5,MBNL1,-45.56219761706546,-452.5358389061253
tie_correct,5,CCNL1,-44.12646296073887,-424.5600884085557
tie_correct,5,TRA2B,-40.56104434182985,-358.9567082376324
tie_correct,5,EIF4A2,-44.1897947615886,-425.77526458998506
tie_correct,5,RPL35A,-47.64765610910485,-494.7654853627204
tie_correct,5,RPL9,-52.28950826975392,-595.5390288160937
tie_correct,5,HNRNPDL,-44.463357598704434,-431.044242166878
tie_correct,5,SNCA,78.38176624549828,-1336.0801277764656
tie_correct,5,TSPAN5,53.0335761867675,-612.5624532537161
tie_correct,5,CISD2,48.049526350801166,-503.12014573927553
tie_correct,5,RPL34,-53.82844725778516,-631.0137287781756
tie_correct,5,SNHG8,-39.53112222807763,-341.03335994284777
tie_correct,5,GYPB,53.16378241881048,-615.5661335086298
tie_correct,5,RPS3A,-53.58408957770383,-625.3122735112363
tie_correct,5,SUB1,-40.32332991982787,-354.7789855983554
tie_correct,5,RPL37,-54.294475285545104,-641.9591530113137
tie_correct,5,RPS23,-53.64393461022977,-626.7062058146247
tie_correct,5,COX7C,-39.54183781855597,-341.2174692793344
tie_correct,5,HINT1,-45.16844106579184,-444.77431770658853
tie_correct,5,RPS14,-51.80351117376533,-584.5497352650218
tie_correct,5,NPM1,-46.10736651023587,-463.3930187529879
tie_correct,5,DUSP1,-50.544859843277656,-556.5659552979434
tie_correct,5,HNRNPH1,-39.17757131792036,-334.9867919173814
tie_correct,5,RACK1,-51.4235074897593,-576.0285819095453
tie_correct,5,GMPR,84.59021416388944,-1555.823464110349
tie_correct,5,RIPOR2,-42.15909814572925,-387.6784335335884
tie_correct,5,HLA-A,-53.201482024595286,-616.437186068531
tie_correct,5,HLA-E,-53.18812203445238,-616.1284317871336
tie_correct,5,HLA-C,-54.69249314502495,-651.3819009842572
tie_correct,5,HLA-B,-55.83871927215465,-678.9021040196424
tie_correct,5,LTB,-38.03881657474373,-315.8801269992008
tie_correct,5,RPS18,-56.23879516434366,-688.6419788331424
tie_correct,5,RPS10,-44.80740802080872,-437.71696956476774
tie_correct,5,RPL10A,-51.24755520985765,-572.1042845141568
tie_correct,5,SRSF3,-44.7978319608593,-437.530550351583
tie_correct,5,HSP90AB1,-39.570063745435505,-341.7026700383969
tie_correct,5,FBXO9,41.375383329015435,-373.4542693631541
tie_correct,5,EEF1A1,-60.17758364014691,-788.2419455971639
tie_correct,5,SNHG5,-43.24807607910865,-407.8856078607052
tie_correct,5,PNISR,-47.33629605824511,-488.34068290371465
tie_correct,5,RPS12,-48.07620710208785,-503.67730561993307
tie_correct,5,GPR146,45.485489812274665,-451.0185366754192
tie_correct,5,ACTB,-53.95331195637098,-633.9371316346459
tie_correct,5,ARL4A,43.678330541166325,-416.01131236764655
tie_correct,5,TOMM7,-46.50242265135166,-471.3412838414559
tie_correct,5,HNRNPA2B1,-54.53270951560717,-647.5908908333865
tie_correct,5,SEPTIN7,-41.54582466464009,-376.52503834441995
tie_correct,5,PPIA,-48.27466270186601,-507.8312457962277
tie_correct,5,IKZF1,-41.88373652136698,-382.65033217047056
tie_correct,5,ARPC1B,-41.22171339451537,-370.6964725515743
tie_correct,5,UBE2H,55.444704496170665,-669.3777075242776
tie_correct,5,BPGM,83.34916880469844,-1510.5591340285025
tie_correct,5,MKRN1,68.99442368130076,-1035.6078842924198
tie_correct,5,DMTN,58.394866628993306,-742.3280650482556
tie_correct,5,SLC25A37,60.058783386767544,-785.1393325922019
tie_correct,5,BNIP3L,68.79539266404169,-1029.651487113953
tie_correct,5,SARAF,-40.32053232788434,-354.72996521412955
tie_correct,5,RPS20,-51.2434964824741,-572.0139205310579
tie_correct,5,SNHG6,-44.13083735379891,-424.64396591137745
tie_correct,5,RPL7,-46.22454298366183,-465.74346372411213
tie_correct,5,CA1,47.746907320951,-496.8223440033083
tie_correct,5,MTDH,-38.26238507835186,-319.5868846399422
tie_correct,5,RPL30,-51.338812697459446,-574.1379400339123
tie_correct,5,COX6C,-39.09858089957545,-333.6432808182922
tie_correct,5,PABPC1,-53.093757216434966,-613.9498327840038
tie_correct,5,YWHAZ,-43.341325013200645,-409.6398692851993
tie_correct,5,EIF3E,-41.827340586409576,-381.62460326332626
tie_correct,5,EEF1D,-50.82531213744473,-562.7417433872104
tie_correct,5,RPL8,-51.63135444886864,-580.6815480725377
tie_correct,5,RPS6,-52.393132600760545,-597.8954293109965
tie_correct,5,BAG1,52.62499586507903,-603.184847524936
tie_correct,5,DCAF12,75.48217779920418,-1239.1852334574799
tie_correct,5,ISCA1,57.03490975917773,-708.2301681879105
tie_correct,5,HEMGN,51.14961629479173,-569.9257568137641
tie_correct,5,ATP6V1G1,-38.49350105250175,-323.44158243025396
tie_correct,5,RPL35,-52.885290592084566,-609.1506709524239
tie_correct,5,RPL12,-49.78225642813182,-539.9454658149588
tie_correct,5,DPM2,49.8875098358689,-542.2243833828552
tie_correct,5,SET,-41.51838931169958,-376.02989580435394
tie_correct,5,RPL7A,-51.615698243730655,-580.3304072741954
tie_correct,5,EDF1,-42.214766786254714,-388.6989418646983
tie_correct,5,VIM,-45.0608272883069,-442.66480209209635
tie_correct,5,MARCH8,62.59794089167965,-852.7866729823527
tie_correct,5,NCOA4,59.02512065786044,-758.4025801931269
tie_correct,5,SRGN,-37.9347461299968,-314.162041918033
tie_correct,5,RPS24,-52.93869831776272,-610.378385812048
tie_correct,5,IFIT1B,93.13237012624974,-1885.5238506943563
tie_correct,5,MXI1,58.9841755816693,-757.3530453238673
tie_correct,5,RPLP2,-52.85998132105183,-608.5693042877973
tie_correct,5,HBB,67.31458223733729,-985.875347933709
tie_correct,5,HBD,58.75267644347571,-751.4327776417216
tie_correct,5,EIF3F,-39.762330013001964,-345.0169069886539
tie_correct,5,RPL27A,-52.141222588161384,-592.1751449430385
tie_correct,5,EIF4G2,-38.537557599856335,-324.17901601064716
tie_correct,5,RPS13,-49.803336044993586,-540.4014906872845
tie_correct,5,FTH1,-44.28839644875517,-427.67064558747876
tie_correct,5,EEF1G,-49.818440463180806,-540.7283700195999
tie_correct,5,SF1,-46.02378468431176,-461.7200913825708
tie_correct,5,FAU,-47.27864787910927,-487.1557507483444
tie_correct,5,NEAT1,-48.80838548807865,-519.0875956887685
tie_correct,5,MALAT1,-67.24172019198569,-983.7459559563457
tie_correct,5,CFL1,-49.60187604574459,-536.0511033568864
tie_correct,5,RPS3,-53.34997132685445,-619.8740452455055
tie_correct,5,ATM,-38.801099082222535,-328.6078548596499
tie_correct,5,RPS25,-48.339419386434464,-509.19038913702906
tie_correct,5,HMBS,43.39695732924393,-410.6882592786811
tie_correct,5,HSPA8,-44.21989974146859,-426.3535130896272
tie_correct,5,ETS1,-38.131797061964384,-317.41910526125105
tie_correct,5,GAPDH,-41.8263398700753,-381.6064147063426
tie_correct,5,CD69,-40.17002500442291,-352.09773053835715
tie_correct,5,YBX3,55.97645758427257,-682.2475087101152
tie_correct,5,ARHGDIB,-45.71316309241312,-455.5294389588045
tie_correct,5,TUBA1A,-39.596358709969735,-342.15498886440315
tie_correct,5,KRT1,47.794981306108895,-497.8201551758775
tie_correct,5,EIF4B,-39.209733311220525,-335.5345959981107
tie_correct,5,PFDN5,-40.06626686884303,-350.28882143449994
tie_correct,5,ATP5MC2,-43.71055876243397,-416.6232033443353
tie_correct,5,HNRNPA1,-47.79619035325541,-497.84526277817656
tie_correct,5,RPS26,-50.5959929051078,-557.6894017595276
tie_correct,5,RPL41,-54.79928302908075,-653.921766462804
tie_correct,5,NACA,-42.62690378832026,-396.29601207931654
tie_correct,5,NAP1L1,-42.7057927199699,-397.75860713790917
tie_correct,5,BTG1,-55.039629189013596,-659.6562141800426
tie_correct,5,SLC25A3,-40.44206126310212,-356.8625690752195
tie_correct,5,TCP11L2,46.06822079539089,-462.60912233649674
tie_correct,5,ERP29,-39.713383451728355,-344.17165630641387
tie_correct,5,RPL6,-51.15133464968843,-569.9639435625394
tie_correct,5,RPLP0,-52.3870170106051,-597.7562323390185
tie_correct,5,RNF10,58.37850838227436,-741.9131471158291
tie_correct,5,UBC,-48.65960893105668,-515.9374291204532
tie_correct,5,RPL21,-42.596167458648566,-395.7268940331745
tie_correct,5,HMGB1,-51.3059729949278,-573.4056971711691
tie_correct,5,N4BP2L2,-42.80243084014436,-399.5539522318768
tie_correct,5,TPT1,-53.810025054175874,-630.5829907388343
tie_correct,5,LCP1,-37.82139662713502,-312.29611787383016
tie_correct,5,COMMD6,-42.592848885570085,-395.6654714113951
tie_correct,5,ARGLU1,-46.34130012174428,-468.0914255056298
tie_correct,5,PNP,39.19744073405477,-335.3251677902813
tie_correct,5,HNRNPC,-40.061024820948674,-350.19755608606215
tie_correct,5,NFKBIA,-40.16952083131376,-352.08892953685853
tie_correct,5,RPS29,-53.882279273559504,-632.2732442906141
tie_correct,5,RPL36AL,-38.97110197118428,-331.4807630140749
tie_correct,5,LGALS3,69.21090247705651,-1042.105968874417
tie_correct,5,SRSF5,-53.047781995796136,-612.8898041944989
tie_correct,5,BBOF1,52.91700471884848,-609.8795529286207
tie_correct,5,FOS,-51.627933175345305,-580.6048059143491
tie_correct,5,CALM1,-50.10197036373647,-546.8827061644124
tie_correct,5,DDX24,-39.025890548782485,-332.40931726961935
tie_correct,5,GLRX5,67.4223674871074,-989.0295971051486
tie_correct,5,HSP90AA1,-49.427150212270526,-532.2922887476444
tie_correct,5,ANKRD9,42.506839823874685,-394.0752190705843
tie_correct,5,SRP14,-43.09003173236942,-404.9209912275727
tie_correct,5,CCNDBP1,48.294229194065565,-508.2417244903038
tie_correct,5,EPB42,72.36559090859825,-1139.1097314480269
tie_correct,5,B2M,-62.27042334061834,-843.9038162225951
tie_correct,5,RPL4,-49.54793783100312,-534.8893356049313
tie_correct,5,RPLP1,-56.33550794083939,-691.0068876676374
tie_correct,5,RPS17,-48.24338432202345,-507.1754126403467
tie_correct,5,HBM,53.74706936021611,-629.1121067272711
tie_correct,5,HBA2,66.81504086536411,-971.3225336045911
tie_correct,5,HBA1,65.42456363908408,-931.3852038854518
tie_correct,5,HBQ1,59.2409979927284,-763.9481454415885
tie_correct,5,HAGH,42.67870737231877,-397.2561422447757
tie_correct,5,RPS2,-56.29357821044416,-689.9810850990438
tie_correct,5,SRRM2,-46.85807250525024,-478.55466987117666
tie_correct,5,GSPT1,49.74537668765128,-539.14809370316
tie_correct,5,RPS15A,-50.41586467429568,-553.7368410850172
tie_correct,5,AC130456.3,38.30539457178769,-320.30246845105796
tie_correct,5,CORO1A,-44.5492234067144,-432.70476535912684
tie_correct,5,FUS,-49.2232257786855,-527.9220954573567
tie_correct,5,AHSP,59.07973485077891,-759.8036250467403
tie_correct,5,GABARAPL2,54.95971383039051,-657.7467210010145
tie_correct,5,TERF2IP,39.50934670678685,-340.65937854118846
tie_correct,5,PLCG2,-53.264379332727785,-617.8918071248498
tie_correct,5,COX4I1,-45.862677658946204,-458.50401885813096
tie_correct,5,MAP1LC3B,39.08497217385749,-333.41208982574966
tie_correct,5,CYBA,-47.12789782115476,-484.06397059322285
tie_correct,5,APRT,-38.82065219075108,-328.93764784053957
tie_correct,5,RPL13,-57.7624368988996,-726.3714130983169
tie_correct,5,PFN1,-49.170525956023475,-526.7956498111092
tie_correct,5,EIF4A1,-45.2277627937818,-445.93933033418193
tie_correct,5,RPL26,-51.995897160641874,-588.8876769864197
tie_correct,5,UBB,65.45185806530313,-932.1610776332407
tie_correct,5,SNHG29,-38.08507328629371,-316.64528179932944
tie_correct,5,MAP2K3,43.41630498491654,-411.0531803470158
tie_correct,5,RPL23A,-51.925616214568876,-587.3011112054969
tie_correct,5,RPL23,-49.90602007723054,-542.6256592526106
tie_correct,5,RPL19,-53.08802265686075,-613.8175637053873
tie_correct,5,EIF1,-51.67118192168363,-581.5752870240125
tie_correct,5,RPL27,-50.15824006638731,-548.1082537911731
tie_correct,5,SLC4A1,59.16135852650488,-761.8999715352835
tie_correct,5,SLC25A39,67.91612857137787,-1003.5436035202358
tie_correct,5,MYL4,40.147154102142224,-351.69860001732087
tie_correct,5,PHOSPHO1,43.865735868744835,-419.57573619271585
tie_correct,5,NME2,-39.93569557977281,-348.01909431948377
tie_correct,5,LIMD2,-41.79364721000024,-381.01244710324255
tie_correct,5,DDX5,-60.480464082459264,-796.179762626773
tie_correct,5,RPL38,-48.43725130137423,-511.2471833059182
tie_correct,5,SUMO2,-41.83839876260483,-381.8256204963395
tie_correct,5,SMIM5,39.396981492777314,-338.73284489817735
tie_correct,5,H3F3B,-59.193983333756805,-762.7386858576593
tie_correct,5,SRSF2,-39.082391675650314,-333.36826025774343
tie_correct,5,RNF213,-39.93635995436365,-348.03062444593274
tie_correct,5,ACTG1,-48.28897689446049,-508.1315219890085
tie_correct,5,MYL12A,-40.25175032673291,-353.5258113841405
tie_correct,5,ANKRD12,-42.75990541077225,-398.76341446278906
tie_correct,5,RIOK3,59.08427831707453,-759.9202391790155
tie_correct,5,RPL17,-53.01640867644006,-612.1669713926198
tie_correct,5,FECH,61.79897047164187,-831.1989516602226
tie_correct,5,CDC34,57.567238156367786,-721.4814801117307
tie_correct,5,BSG,52.206890673968644,-593.6636580712416
tie_correct,5,CIRBP,-43.29130266578281,-408.69834608407695
tie_correct,5,RPS15,-50.664105668036704,-559.1876729028465
tie_correct,5,OAZ1,37.74364828107996,-311.0194729614276
tie_correct,5,TLE5,-44.176109110911895,-425.5125242982362
tie_correct,5,EEF2,-45.66508524377567,-454.5749960245266
tie_correct,5,UBXN6,41.530599814700864,-376.25022585094956
tie_correct,5,RPL36,-51.94291682954671,-587.6914670844911
tie_correct,5,RPS28,-53.791146615225294,-630.1417381081397
tie_correct,5,MARCH2,37.89866505265036,-313.5674815432306
tie_correct,5,EIF3G,-38.731992482649645,-327.44359628988076
tie_correct,5,TRIR,-38.28618033120948,-319.9826863391811
tie_correct,5,JUNB,-53.94952807004929,-633.8484416974958
tie_correct,5,KLF1,47.141378314289206,-484.34004460657127
tie_correct,5,NFIX,70.92034978933717,-1094.1335294286716
tie_correct,5,LYL1,40.74075800614352,-362.13137396655856
tie_correct,5,IER2,-46.3661864317989,-468.59264911314824
tie_correct,5,KLF2,-50.034838371095525,-545.4223772923575
tie_correct,5,RPL18A,-52.69074066215238,-604.6889085486073
tie_correct,5,JUND,-50.836822539942446,-562.9959412952652
tie_correct,5,FKBP8,57.63060367991537,-723.0670394229942
tie_correct,5,EIF3K,-37.92754368921463,-314.0433116939977
tie_correct,5,GMFG,-42.220917662041174,-388.8117812272939
tie_correct,5,RPS16,-53.17297667397479,-615.7785106558239
tie_correct,5,BLVRB,61.49380819380348,-823.0267888767193
tie_correct,5,RPS19,-54.74185458669998,-652.555286546765
tie_correct,5,KLC3,47.57551758499007,-493.2731872369282
tie_correct,5,FOSB,-42.122014526699424,-386.99936922812145
tie_correct,5,SNRPD2,-40.00870010093912,-349.2872234653375
tie_correct,5,NOP53,-46.11431882909438,-463.53230911607443
tie_correct,5,EMP3,-41.11226110918037,-368.738466108663
tie_correct,5,RPL18,-52.919674122854346,-609.9409234445405
tie_correct,5,CD37,-42.72450017870303,-398.1058383093445
tie_correct,5,RPL13A,-56.09193836427104,-685.0586675665935
tie_correct,5,RPS11,-47.32322528388525,-488.07189260272963
tie_correct,5,RPS9,-52.51140794292243,-600.5906884399054
tie_correct,5,RPL28,-55.937094867602575,-681.2906217159759
tie_correct,5,RPS5,-49.01295311515375,-523.4347612199413
tie_correct,5,PSMF1,55.98695858221706,-682.5028961278814
tie_correct,5,SMOX,45.34413773423781,-448.22924225237705
tie_correct,5,BCL2L1,73.83091768328443,-1185.6369450094007
tie_correct,5,RBM39,-48.32779465832353,-508.94626988742715
tie_correct,5,YWHAB,-42.96094929720099,-402.5076897538807
tie_correct,5,STK4,-43.4395341002304,-411.4915252651798
tie_correct,5,ZFAS1,-49.048780997362535,-524.1979913169184
tie_correct,5,FAM210B,68.40362205993718,-1017.9772262599563
tie_correct,5,RBM38,50.349788732777036,-552.2904653713393
tie_correct,5,GNAS,-42.81836593712734,-399.8503841301408
tie_correct,5,PSMA7,-37.97287152987223,-314.790903485017
tie_correct,5,RPS21,-56.85977780095644,-703.8974843265148
tie_correct,5,SON,-50.777993388995135,-561.6973514314013
tie_correct,5,HMGN1,-39.655589276673474,-343.1749562681577
tie_correct,5,MIF,-41.2039257903423,-370.37791389289754
tie_correct,5,SRRD,40.28409551230901,-354.09181682963583
tie_correct,5,OSBP2,48.05716092098389,-503.2795428296546
tie_correct,5,FBXO7,50.7352231052233,-560.7541869219717
tie_correct,5,DDX17,-40.67160297798947,-360.9080819782168
tie_correct,5,RPL3,-55.26198988190194,-664.983878935616
tie_correct,5,SLC25A6,-43.43492800335086,-411.4045873173908
tie_correct,5,TMSB4X,-53.27083346764403,-618.0411685528011
tie_correct,5,SAT1,-37.84294609428968,-312.650429186963
tie_correct,5,RBM3,-38.940882955322614,-330.96916999599654
tie_correct,5,ALAS2,78.90584470853058,-1353.9826959157344
tie_correct,5,RPS4X,-50.75005224150846,-561.0811070898231
tie_correct,5,RPL36A,-50.51591058686676,-555.9304132966458
tie_correct,5,TSC22D3,-50.29693881107366,-551.134966179549
tie_correct,5,RPL39,-51.827231834385096,-585.083723041482
tie_correct,5,SSR4,-38.85541785942194,-329.52443363343
tie_correct,5,RPL10,-56.55009814216051,-696.268744018416
tie_correct,5,MPP1,72.18486394271766,-1133.4358555145213
tie_correct,5,CLIC2,39.12415842296126,-334.07802048955614
tie_correct,5,RPS4Y1,-44.01167824234222,-422.3620989161114
tie_correct,5,EIF1AY,54.93533090004176,-657.1646686500745
tie_correct,5,MT-ND1,-66.42097638357711,-959.9189577865994
tie_correct,5,MT-ND2,-65.86780906907497,-944.0249630492607
tie_correct,5,MT-CO1,-65.70537819440233,-939.3831185863548
tie_correct,5,MT-CO2,-66.538699825659,-963.3186173295912
tie_correct,5,MT-ATP6,-66.69402161940671,-967.8132625913843
tie_correct,5,MT-CO3,-66.78867378863868,-970.5574091225686
tie_correct,5,MT-ND3,-66.4164608806042,-959.7886773131597
tie_correct,5,MT-ND4L,-53.13414797152479,-614.8818602578974
tie_correct,5,MT-ND4,-66.4930320792409,-961.9990934746065
tie_correct,5,MT-ND5,-64.36547296470856,-901.529186148121
tie_correct,5,MT-CYB,-66.46931138165584,-961.3140649749052
tie_correct,6,AC104809.2,41.15966260653009,-369.5857994593232
tie_correct,6,TNFAIP2,37.919211632257664,-313.90598814976704
tie_correct,7,EFHD2,38.63166950601177,-325.7571150701866
tie_correct,7,CD160,50.09266475140697,-546.6801634569404
tie_correct,7,FCER1G,46.15596166792606,-464.36706653586475
tie_correct,7,FCGR3A,66.55759250487819,-963.8647671977527
tie_correct,7,SH2D1B,76.77720258359503,-1282.0096403564771
tie_correct,7,CD247,40.25892940997106,-353.65139829765076
tie_correct,7,XCL2,62.59265233548112,-852.642868008579
tie_correct,7,FASLG,38.38666017802372,-321.6567417716806
tie_correct,7,C1orf21,41.41207718561193,-374.1143018780515
tie_correct,7,LINC00299,42.31236246226145,-390.49129594993
tie_correct,7,GNLY,58.9003965130503,-755.2078258485376
tie_correct,7,IL18RAP,42.69098048251885,-397.4837833464051
tie_correct,7,NMUR1,37.89213540446408,-313.4599434113596
tie_correct,7,RAMP1,39.276612747784334,-336.6751676688853
tie_correct,7,CX3CR1,49.974905192686805,-544.1202979463555
tie_correct,7,SPON2,64.61974026818643,-908.6526153411461
tie_correct,7,FGFBP2,64.54476555274557,-906.5492418712206
tie_correct,7,HOPX,53.14532252351724,-615.1398411132864
tie_correct,7,GZMA,56.807262391266896,-702.6008725089514
tie_correct,7,SAMD3,39.58984294514401,-342.0428784831655
tie_correct,7,MYOM2,62.09176052930668,-839.0777967573896
tie_correct,7,CLIC3,69.54793782960695,-1052.263323429178
tie_correct,7,PRF1,58.26878005254492,-739.1329517828589
tie_correct,7,CTSW,46.83018374909827,-477.987038611281
tie_correct,7,PRSS23,47.5572960296291,-492.896603259265
tie_correct,7,NCAM1,47.21321231888776,-485.81250064455674
tie_correct,7,KLRB1,59.14474996863501,-761.4731783887437
tie_correct,7,KLRF1,90.16680375795299,-1767.4716291661694
tie_correct,7,KLRD1,69.7823725010946,-1059.3576504083808
tie_correct,7,KLRK1,41.73160953743541,-379.88660812467447
tie_correct,7,KLRC3,40.91838150815371,-365.28289108328516
tie_correct,7,KLRC1,52.18430790511652,-593.1515582157447
tie_correct,7,TRDC,81.3650522901605,-1439.5823048496864
tie_correct,7,GZMH,58.33592353395174,-740.8335507539014
tie_correct,7,GZMB,67.96945226574172,-1005.1173760136725
tie_correct,7,PTGDR,44.19426322136589,-425.86106872202305
tie_correct,7,ADGRG1,47.91561796271802,-500.32847594724166
tie_correct,7,LGALS9B,40.67146111934938,-360.9055747562471
tie_correct,7,CCL3,37.77063109357855,-311.4622394268424
tie_correct,7,CCL4,44.268582187419334,-427.2894251070436
tie_correct,7,TBX21,46.512119907356,-471.5372380475384
tie_correct,7,CD300A,37.88843107873727,-313.3989443280928
tie_correct,7,GZMM,38.8578484929584,-329.5654782433774
tie_correct,7,MATK,45.1690917507005,-444.7870881472056
tie_correct,7,S1PR5,57.15578559559786,-711.2283478071678
tie_correct,7,TYROBP,45.11126344928102,-443.6528587834902
tie_correct,7,NKG7,51.71938364128363,-582.6578673188703
tie_correct,7,LAIR2,43.2152171164482,-407.26834236992124
tie_correct,7,NCR1,57.610586506535874,-722.5659727597333
tie_correct,7,CST7,56.144846443234016,-686.3485475983056
tie_correct,7,IL2RB,55.21397618676525,-663.8316746883548
tie_correct,7,TTC38,42.58073614326137,-395.4413203226387
tie_correct,8,RIMS3,40.03374378165677,-349.72277900175555
tie_correct,8,ROR1,39.758644053827275,-344.9532185197321
tie_correct,8,FCRLA,46.071834084280965,-462.6814509012259
tie_correct,8,RGS16,42.07343810199869,-386.11075510618485
tie_correct,8,AL157402.1,49.90496658866401,-542.6028171176787
tie_correct,8,AFF3,43.17781352458595,-406.5662750274389
tie_correct,8,ADAM23,70.23736950302893,-1073.1946104073834
tie_correct,8,CMTM8,39.97807199446768,-348.7549145554708
tie_correct,8,ARPP21,60.40900639413127,-794.3034269302291
tie_correct,8,CCDC191,66.66750902709948,-967.0453094862902
tie_correct,8,MME,74.6718556556672,-1212.759561372606
tie_correct,8,CD38,48.28737846343824,-508.0979864662493
tie_correct,8,APBB2,59.18805529517517,-762.5862542532242
tie_correct,8,BMP3,83.17582764828195,-1504.2901370491002
tie_correct,8,HHIP-AS1,57.68846691392184,-724.5164408474287
tie_correct,8,P4HA2,41.877950675075276,-382.54503568545863
tie_correct,8,MZB1,50.882445808066194,-564.0040599894517
tie_correct,8,LINC02227,55.13505479313008,-661.9399404255579
tie_correct,8,EBF1,43.587679746710485,-414.2926171538549
tie_correct,8,IRF4,49.08329748962989,-524.9338123105672
tie_correct,8,SOX4,48.32231899653087,-508.8313013330713
tie_correct,8,LINC00472,50.68709526833538,-559.693827968603
tie_correct,8,BACH2,39.764889890273494,-345.0611417306707
tie_correct,8,AL132996.1,40.771673368646226,-362.678911088641
tie_correct,8,CD24,59.2571731824415,-764.3644766557985
tie_correct,8,WASF1,51.56706265423688,-579.2402763560075
tie_correct,8,AKAP12,41.41063333453071,-374.08831949165824
tie_correct,8,RAPGEF5,43.26457961720459,-408.19580859068486
tie_correct,8,AEBP1,56.673093520769946,-699.2936641177524
tie_correct,8,CDHR3,49.76077877762252,-539.4810285001843
tie_correct,8,CD72,47.67403366271534,-495.31171032160404
tie_correct,8,PAX5,47.85733961721736,-499.11594281841457
tie_correct,8,RAG1,51.944827074767645,-587.7345761454445
tie_correct,8,CD9,49.179752933701735,-526.9927871049736
tie_correct,8,DTX1,69.9615914640987,-1064.7971662401999
tie_correct,8,CFAP73,63.13810553201149,-867.5386450165173
tie_correct,8,HRK,66.87267791869013,-972.9961069194436
tie_correct,8,BCL7A,48.925366164618914,-521.5712702668794
tie_correct,8,RUBCNL,44.75507629334196,-436.6987022212159
tie_correct,8,PCDH9,63.11314492966405,-866.8541757009303
tie_correct,8,AL133467.1,40.623391978097914,-360.05649949091816
tie_correct,8,TCL6,50.2052312454425,-549.1327695020015
tie_correct,8,TCL1A,54.09385337680269,-637.2356636943086
tie_correct,8,AL139020.1,38.10975429641072,-317.05392233468933
tie_correct,8,IGHM,41.391882834468575,-373.7509827024076
tie_correct,8,NEIL1,49.79943898473961,-540.31716928803
tie_correct,8,ACSM3,54.72481042058318,-652.150005017592
tie_correct,8,C16orf74,37.93241009521474,-314.12353057046374
tie_correct,8,MYO1C,46.12384305178024,-463.7231618746825
tie_correct,8,CD79B,44.86427216862019,-438.8247761175157
tie_correct,8,AC016168.2,49.0460994113403,-524.1408470409343
tie_correct,8,LDLRAD4,38.36618942063039,-321.3153310753801
tie_correct,8,KLHL14,42.908462562267395,-401.528475699261
tie_correct,8,AC016866.1,39.410413094294576,-338.96284516869787
tie_correct,8,TCF4,40.14607170176082,-351.6797161823281
tie_correct,8,NIBAN3,49.49106490913511,-533.6657255408783
tie_correct,8,PPP1R14A,49.77157181606397,-539.7143944439229
tie_correct,8,SPIB,48.69269280134968,-516.6371099127663
tie_correct,8,LAMP5,44.29173158698361,-427.7348294092586
tie_correct,8,CECR2,47.300523388404386,-487.60522206067833
tie_correct,8,VPREB1,62.032225574049036,-837.4727239305805
tie_correct,8,IGLC1,46.64464091992487,-474.2192047894814
tie_correct,8,IGLC5,50.37270523726754,-552.7918837252195
tie_correct,8,VPREB3,52.553434846130095,-601.5498601272477
tie_correct,9,LINC01128,41.36104800400077,-373.19657076830384
tie_correct,9,HES5,37.942991423168905,-314.2979909115003
tie_correct,9,SMIM1,86.57923981746507,-1629.7635991296318
tie_correct,9,ACOT7,41.64823958960385,-378.37626902140215
tie_correct,9,CENPS,51.367248312003724,-574.7723610133977
tie_correct,9,DDI2,38.78394662633683,-328.3186891684006
tie_correct,9,E2F2,51.02976255674398,-567.2654275922124
tie_correct,9,CLIC4,46.703580571400046,-475.41447764311715
tie_correct,9,RHD,49.915527941593574,-542.8318341364735
tie_correct,9,RHCE,78.56406795109557,-1342.2940431870652
tie_correct,9,AUNIP,48.75365869678444,-517.927703804904
tie_correct,9,ATP5IF1,43.9204789208138,-420.61981858944074
tie_correct,9,BSDC1,39.06355308354948,-333.04837575044553
tie_correct,9,CLSPN,76.4953180556398,-1272.6261638906808
tie_correct,9,CDCA8,68.93718180347098,-1033.893045730223
tie_correct,9,YBX1,42.41872008566428,-392.4492717850972
tie_correct,9,SVBP,39.11435732797949,-333.9113982957284
tie_correct,9,ERMAP,71.59062271880994,-1114.8797883358611
tie_correct,9,SLC2A1,57.98619759698501,-731.9972037319833
tie_correct,9,CDC20,75.6277837907246,-1243.963855713493
tie_correct,9,ELOVL1,53.68839903287503,-627.7428941409676
tie_correct,9,HYI,40.91596267964645,-365.2398826110113
tie_correct,9,SLC6A9,63.92134616079116,-889.154082965027
tie_correct,9,KIF2C,71.88267723577566,-1123.980464940716
tie_correct,9,UROD,65.7968522653486,-941.995796298908
tie_correct,9,ATPAF1,40.56168056390375,-358.9679224596954
tie_correct,9,PDZK1IP1,40.41061565484775,-356.31014314891473
tie_correct,9,TAL1,75.57761277580097,-1242.316260800506
tie_correct,9,STIL,59.558032621940185,-772.1289669393373
tie_correct,9,CDKN2C,47.740373570163925,-496.6868086086851
tie_correct,9,ORC1,52.606121617737244,-602.7534030871432
tie_correct,9,MRPL37,42.48709470662967,-393.7105977087921
tie_correct,9,SSBP3,41.53325793219048,-376.29819831226695
tie_correct,9,NFIA,70.18018339646137,-1071.450578984084
tie_correct,9,USP1,40.190360047047186,-352.45279728543704
tie_correct,9,DNAJC6,47.070726651289995,-482.8940092572474
tie_correct,9,LEPROT,44.84421539315579,-438.4338771188453
tie_correct,9,DEPDC1,82.22759787818423,-1470.2276875203027
tie_correct,9,SSX2IP,62.38332730995803,-846.9607117929424
tie_correct,9,CDC7,46.53007975625859,-471.9002637739262
tie_correct,9,GCLM,70.02385690343858,-1066.6902632515348
tie_correct,9,TLCD4,90.01182618991915,-1761.4073395876617
tie_correct,9,SASS6,43.623340258166586,-414.96829760280923
tie_correct,9,GPSM2,42.66619493670324,-397.02412945248483
tie_correct,9,DCLRE1B,44.61041231285216,-433.8900251312922
tie_correct,9,CD58,46.633947321211075,-474.00250445130956
tie_correct,9,FAM72B,43.12976927830866,-405.66537302732286
tie_correct,9,FAM72C,40.910168029329725,-365.13685998120286
tie_correct,9,FAM72D,38.12162373000407,-317.2505372694501
tie_correct,9,HIST2H2BF,47.77934408650044,-497.49548300622365
tie_correct,9,HIST2H4B,66.39780875093871,-959.250623261991
tie_correct,9,ANP32E,47.02762734553928,-482.01295513540174
tie_correct,9,SELENBP1,54.81021218897943,-654.1819823128192
tie_correct,9,RAB13,58.25550260500261,-738.7968945900157
tie_correct,9,CKS1B,58.70833522308568,-750.3014679375586
tie_correct,9,PKLR,73.40933106724201,-1172.1551485624
tie_correct,9,LMNA,63.58181505498579,-879.7511870774666
tie_correct,9,IQGAP3,38.388537147927494,-321.6880549234361
tie_correct,9,HDGF,56.41415864209974,-692.9331202518144
tie_correct,9,LINC02772,45.89846713033774,-459.21748684505224
tie_correct,9,SPTA1,84.6038933175502,-1556.3261068806364
tie_correct,9,ACKR1,83.64970773201038,-1521.4592436268983
tie_correct,9,LINC01133,67.44656695629732,-989.7384686331711
tie_correct,9,PPOX,63.613675098083206,-880.6313836963193
tie_correct,9,NUF2,83.57948088579396,-1518.9087064410066
tie_correct,9,MGST3,58.88311296811506,-754.7656482268043
tie_correct,9,MPC2,49.588967592178314,-535.772954998547
tie_correct,9,DCAF6,40.95157506024712,-365.8733523253706
tie_correct,9,CENPL,51.28190824319642,-572.8694109127256
tie_correct,9,FAM20B,39.06609446191603,-333.09152007061255
tie_correct,9,NPL,43.697393936660085,-416.3731990562792
tie_correct,9,ASPM,86.44587117171747,-1624.7520129778293
tie_correct,9,KIF14,58.07023813912574,-734.1157661753508
tie_correct,9,TMEM9,48.75910980154035,-518.0431774383851
tie_correct,9,UBE2T,87.27948323610971,-1656.2033457907287
tie_correct,9,CTSE,86.15936448406335,-1614.0120858634814
tie_correct,9,DYRK3,47.6318753486292,-494.43884262758127
tie_correct,9,CR1L,72.99947964566073,-1159.1226111999906
tie_correct,9,SLC30A1,40.883808227207524,-364.6683950846247
tie_correct,9,NEK2,67.8800823223559,-1002.4804494670542
tie_correct,9,DTL,62.49956592734195,-850.1136758476625
tie_correct,9,CENPF,91.52223255020921,-1820.9542096261646
tie_correct,9,EPRS,38.87900648136066,-329.9228684528488
tie_correct,9,TP53BP2,45.801522297805285,-457.28616519356143
tie_correct,9,LBR,47.976641918808504,-501.59971417127514
tie_correct,9,H3F3A,39.94027877159698,-348.09863885884414
tie_correct,9,LIN9,48.60115211882769,-514.7023051369922
tie_correct,9,CDC42BPA,64.58409816886368,-907.6523919474218
tie_correct,9,ABCB10,81.49262425520317,-1444.0944521477138
tie_correct,9,C1orf198,47.774385766694834,-497.3925566621013
tie_correct,9,ARV1,41.138753000953024,-369.2119061120886
tie_correct,9,FH,43.5495915743946,-413.5715480390324
tie_correct,9,EXO1,51.11050190966039,-569.0568702551936
tie_correct,9,CMPK2,54.318973577396235,-642.5371437196653
tie_correct,9,MBOAT2,83.14187125034063,-1503.0636098703317
tie_correct,9,RRM2,83.26405359604203,-1507.479256098108
tie_correct,9,GEN1,41.4489565200513,-374.77825953442044
tie_correct,9,MFSD2B,72.28140077668277,-1136.4648397101437
tie_correct,9,CENPO,39.831566184583615,-346.2143115412631
tie_correct,9,CENPA,67.9800213304432,-1005.4294534311063
tie_correct,9,LTBP1,76.23174306198064,-1263.8833957963334
tie_correct,9,PKDCC,41.478775995756095,-375.31554655580965
tie_correct,9,EPCAM,44.44938289409588,-430.7742939798351
tie_correct,9,MSH2,42.61958488906134,-396.1604571522508
tie_correct,9,CHAC2,62.510487201352255,-850.4102160976663
tie_correct,9,VRK2,39.91593754134846,-347.6762839408672
tie_correct,9,CNRIP1,44.52279747098245,-432.1933842520842
tie_correct,9,ADD2,92.96290471974382,-1878.6749500374083
tie_correct,9,DGUOK-AS1,44.60951134114251,-433.87256106879187
tie_correct,9,BOLA3,57.36629869015834,-716.4650156534607
tie_correct,9,HTRA2,69.14644970468285,-1040.1691506550085
tie_correct,9,CYTOR,49.44036737109822,-532.5761614245406
tie_correct,9,RPIA,40.588673359472494,-359.4438666097974
tie_correct,9,NCAPH,76.70797921876584,-1279.7021112674424
tie_correct,9,FAM178B,43.86156323749646,-419.49620737789024
tie_correct,9,MRPS9,42.66349249116642,-396.97402807351995
tie_correct,9,FHL2,75.49686823990602,-1239.666939388368
tie_correct,9,BUB1,69.34509803132221,-1046.1443585625034
tie_correct,9,CKAP2L,83.11732478667128,-1502.177287424358
tie_correct,9,STEAP3,79.28062033631038,-1366.8582039090375
tie_correct,9,GYPC,51.27197466576386,-572.6481130996807
tie_correct,9,MCM6,49.15698591521233,-526.5064294720321
tie_correct,9,ARL6IP6,43.339824196548726,-409.6116050321472
tie_correct,9,GALNT5,37.93341239645414,-314.1400539947098
tie_correct,9,PKP4,51.828402713857756,-585.1100876273002
tie_correct,9,PSMD14,38.36177488933237,-321.24172948979617
tie_correct,9,SPC25,66.30513885364321,-956.5796339033251
tie_correct,9,CYBRD1,59.61295340681755,-773.5505879031948
tie_correct,9,HAT1,44.180300185753076,-425.5929768874174
tie_correct,9,MAP3K20,39.12305188289497,-334.05920681655954
tie_correct,9,LNPK,40.265170245086,-353.7605901923921
tie_correct,9,UBE2E3,38.378159658016294,-321.5149482657872
tie_correct,9,C2orf88,56.79545631556212,-702.3095439189549
tie_correct,9,SGO2,63.58293956157804,-879.7822462898862
tie_correct,9,TRAK2,47.38763984190605,-489.3972456997162
tie_correct,9,STRADB,48.74261842132729,-517.6938713333114
tie_correct,9,FZD5,47.45038485426517,-490.68997905165946
tie_correct,9,BARD1,39.40521888115728,-338.873891134552
tie_correct,9,TNS1,59.093095186568405,-760.1465614852192
tie_correct,9,TMBIM1,43.83976647133698,-419.0808918948214
tie_correct,9,ABCB6,65.43633730547027,-931.719843484847
tie_correct,9,PSMD1,39.88283651577473,-347.10234675701815
tie_correct,9,HJURP,78.59062269600352,-1343.2003893636381
tie_correct,9,ERFE,57.1675119768766,-711.5195441278
tie_correct,9,HES6,70.97402596275681,-1095.7877266336232
tie_correct,9,DTYMK,50.93541159243485,-565.1755567343956
tie_correct,9,FANCD2,48.81877149628301,-519.3078658620038
tie_correct,9,KAT2B,45.884560584904,-458.9401919176218
tie_correct,9,SGO1,79.9695052828063,-1390.684101260906
tie_correct,9,SLC25A38,38.02476691012423,-315.6479085112094
tie_correct,9,ZNF620,38.279422471203674,-319.8702535357597
tie_correct,9,SEC22C,50.94371143301798,-565.3592429099624
tie_correct,9,HIGD1A,44.20796366448157,-426.12420100873044
tie_correct,9,POMGNT2,41.99959660833026,-384.761925974539
tie_correct,9,ABHD5,40.1423184093322,-351.61423921758404
tie_correct,9,KIF15,79.2668415968074,-1366.3837520207471
tie_correct,9,ZDHHC3,48.43198688361113,-511.1363997050748
tie_correct,9,CDC25A,57.10858206418064,-710.0567661126394
tie_correct,9,KLHDC8B,55.36490022927453,-667.4568321146221
tie_correct,9,MST1,40.263825348255764,-353.7370579650279
tie_correct,9,RNF123,60.0071907615976,-783.7938368979203
tie_correct,9,POC1A,58.921338690424186,-755.7437787333873
tie_correct,9,CPOX,82.02435229988251,-1462.9774819049144
tie_correct,9,CIP2A,67.83068719845838,-1001.0244977288392
tie_correct,9,NAA50,40.35706625418806,-355.3703929196514
tie_correct,9,POLQ,59.35860323100461,-766.9777617227815
tie_correct,9,MCM2,62.51246719632004,-850.4639835213208
tie_correct,9,RAB6B,87.41924519225049,-1661.5059587810676
tie_correct,9,PCCB,48.81196296248735,-519.1634627574505
tie_correct,9,NMNAT3,57.94497894026835,-730.9592510598862
tie_correct,9,TFDP2,39.147256396124114,-334.4708593714023
tie_correct,9,PLS1,43.432301261756585,-411.3550129083044
tie_correct,9,PAQR9,59.175021383339576,-762.2511582492218
tie_correct,9,PAQR9-AS1,40.90805854068265,-365.0993591678306
tie_correct,9,CHST2,45.85418507077498,-458.33479957990966
tie_correct,9,PLSCR4,50.69326637705467,-559.8297344612373
tie_correct,9,HLTF,51.27673496118311,-572.7541564534264
tie_correct,9,GMPS,42.473212237150456,-393.45433969965273
tie_correct,9,LXN,69.20857926185712,-1042.0361244738037
tie_correct,9,SMC4,64.37772744237434,-901.8718577907476
tie_correct,9,TRIM59,52.17150745169638,-592.8613860860864
tie_correct,9,NCEH1,54.99617181025727,-658.6175020370003
tie_correct,9,ECT2,72.1836811164091,-1133.3987677053485
tie_correct,9,ABCC5,39.976774450757915,-348.7323725566475
tie_correct,9,AP2M1,41.61333031200894,-377.7447448216193
tie_correct,9,PSMD2,41.844335614149664,-381.9335633967231
tie_correct,9,IGF2BP2,43.82305518537468,-418.7626147941685
tie_correct,9,RFC4,53.636312124079005,-626.528573680934
tie_correct,9,TFRC,61.16214675672937,-814.1908373450711
tie_correct,9,SLBP,40.80400732797701,-363.2520165778474
tie_correct,9,TACC3,48.37454365751613,-509.92835511562686
tie_correct,9,NSD2,65.24904304185023,-926.4035682793951
tie_correct,9,NCAPG,85.22955854776497,-1579.4031297530241
tie_correct,9,NMU,43.18944122660368,-406.7844625448114
tie_correct,9,ARL9,43.61405007350539,-414.79221790134477
tie_correct,9,MOB1B,45.31649486059114,-447.68478053959814
tie_correct,9,DCK,44.036035927322466,-422.82804128672524
tie_correct,9,BMP2K,55.236296864875364,-664.3671886249219
tie_correct,9,ABCG2,45.0239127206652,-441.9423365617133
tie_correct,9,FAM13A,44.801064675346744,-437.5934778472975
tie_correct,9,SNCA,48.7919772790545,-518.7396999563781
tie_correct,9,TSPAN5,43.72949903139178,-416.9830171352703
tie_correct,9,CISD2,40.45543776373807,-357.09769307765697
tie_correct,9,SLC9B2,41.5009449795968,-375.71523721369056
tie_correct,9,CENPE,82.12122814068792,-1466.4310135893072
tie_correct,9,ZGRF1,38.37655535092912,-321.4881910294427
tie_correct,9,MAD2L1,65.18817351570746,-924.6790897049646
tie_correct,9,CCNA2,84.64619075079402,-1557.8808471416232
tie_correct,9,PLK4,61.22755242840857,-815.9295607013565
tie_correct,9,PGRMC2,44.00953440483657,-422.3211014083801
tie_correct,9,GAB1,49.66883221476942,-537.4950200396828
tie_correct,9,GYPE,81.869991094237,-1457.4830715710095
tie_correct,9,GYPB,70.57646318374982,-1083.5652823752907
tie_correct,9,GYPA,78.25148578690327,-1331.6482442590934
tie_correct,9,FHDC1,73.29313246556633,-1168.4528340897887
tie_correct,9,MND1,60.34788190482037,-792.7001796162165
tie_correct,9,FNIP2,38.69250930911132,-326.77934241170783
tie_correct,9,CLCN3,37.866447386184156,-313.03706169226086
tie_correct,9,HMGB2,54.187569391961354,-639.4399607415182
tie_correct,9,NEIL3,41.40542642028063,-373.9946275530933
tie_correct,9,CENPU,76.16036914995533,-1261.5211174104477
tie_correct,9,TRIP13,56.50561295616066,-695.1763028988152
tie_correct,9,ANKH,43.69433602318988,-416.3151390596406
tie_correct,9,TARS,44.122470379527215,-424.48353926865764
tie_correct,9,DEPDC1B,73.96164745626905,-1189.833190666233
tie_correct,9,CENPK,45.22661620210855,-445.9167980741862
tie_correct,9,CCNB1,70.2174564896583,-1072.5871527921138
tie_correct,9,CENPH,54.123687246328245,-637.936973275026
tie_correct,9,FCHO2,48.20373401614968,-506.3446505589803
tie_correct,9,DHFR,67.3962500388036,-988.2648277954052
tie_correct,9,CETN3,39.78266764585543,-345.36842024476795
tie_correct,9,RFESD,76.41545645743018,-1269.97397369313
tie_correct,9,RHOBTB3,47.20608140244308,-485.66623071481723
tie_correct,9,ELL2,44.036494490472776,-422.83681569039805
tie_correct,9,C5orf30,61.20396497854952,-815.3023053809522
tie_correct,9,MARCH3,44.057547080840656,-423.2397460116751
tie_correct,9,SLC22A4,64.65974121395338,-909.7758178255183
tie_correct,9,PCBD2,45.58337102964083,-452.9551048554333
tie_correct,9,KIF20A,51.77965706685373,-584.0129897503624
tie_correct,9,CDC25C,46.9272063901725,-479.96323597061826
tie_correct,9,CTNNA1,45.71755026450247,-455.61658319204304
tie_correct,9,PRELID2,55.9862157593443,-682.4848288794373
tie_correct,9,SLC36A1,39.68841255610234,-343.7408382822071
tie_correct,9,FAXDC2,50.70766227818087,-560.146840045508
tie_correct,9,PTTG1,75.46363743281013,-1238.5774205544842
tie_correct,9,HMMR,89.27622949160762,-1732.765594767414
tie_correct,9,SPDL1,49.55038298965703,-534.9419742095835
tie_correct,9,TSPAN17,66.62102891814422,-965.6997218618452
tie_correct,9,MXD3,67.58311653555096,-993.7431609627251
tie_correct,9,AC106795.2,52.17618352210306,-592.9673791869262
tie_correct,9,RMND5B,39.941802224668955,-348.1250814845298
tie_correct,9,HNRNPAB,41.58189685678772,-377.17655235295
tie_correct,9,MGAT4B,43.08664117938554,-404.85750958163305
tie_correct,9,TUBB2A,41.700875581574934,-379.32947733480955
tie_correct,9,SLC22A23,44.79789220370891,-437.531722987639
tie_correct,9,CDYL,42.67993829098028,-397.27897031945344
tie_correct,9,AL031123.4,50.495341380854086,-555.4790651246412
tie_correct,9,AL031123.5,43.37259389570125,-410.2289654736708
tie_correct,9,TMEM14C,49.901755724768286,-542.5332009323016
tie_correct,9,TMEM14B,43.22649779040609,-407.4802003918479
tie_correct,9,TBC1D7,44.995053909066975,-441.37794450364595
tie_correct,9,MCUR1,45.97578143460833,-460.7606559857562
tie_correct,9,GMPR,40.235273864712184,-353.23766584906656
tie_correct,9,DEK,43.31859611567704,-409.2119301688872
tie_correct,9,GMNN,63.75546867114784,-884.5540567069393
tie_correct,9,HIST1H4A,43.161542009610464,-406.26104740436597
tie_correct,9,HIST1H3B,79.37892323462982,-1370.2455207503206
tie_correct,9,HIST1H2AB,50.277299356028884,-550.7058824267933
tie_correct,9,HIST1H2BB,59.46872832922003,-769.8201271504857
tie_correct,9,HIST1H3C,75.23231546837813,-1231.0064904063613
tie_correct,9,HIST1H4D,55.9037719744603,-680.4810854469923
tie_correct,9,HIST1H2BF,50.779133118451995,-561.7224954541817
tie_correct,9,HIST1H4E,37.77732215587065,-311.5720833227951
tie_correct,9,HIST1H2AE,42.3272167831805,-390.7644595125219
tie_correct,9,HIST1H4F,46.149066662607844,-464.2287997296849
tie_correct,9,HIST1H3F,76.38688969169574,-1269.0259487117705
tie_correct,9,HIST1H2BH,65.60454990558303,-936.5074755900347
tie_correct,9,HIST1H3G,72.4838065458994,-1142.828752984676
tie_correct,9,HIST1H2BI,38.68334282294151,-326.6252247815766
tie_correct,9,HIST1H4H,47.47245385713138,-491.14507223336994
tie_correct,9,HIST1H2BJ,44.69937543310142,-435.61618454648567
tie_correct,9,HIST1H2AG,53.77732287329248,-629.8187288833254
tie_correct,9,HIST1H4I,42.890790320476384,-401.1990441959375
tie_correct,9,HIST1H2BK,46.75877004665612,-476.5350655298997
tie_correct,9,HIST1H2AH,71.43375298494976,-1110.0068780306465
tie_correct,9,HIST1H2BL,61.331121133255095,-818.6865970311442
tie_correct,9,HIST1H2AI,54.95227013931448,-657.5690030148146
tie_correct,9,HIST1H3H,56.14496337086813,-686.3513995980877
tie_correct,9,HIST1H2AJ,79.08989542875682,-1360.2981819320719
tie_correct,9,HIST1H2BM,58.94488145481233,-756.3465132783235
tie_correct,9,HIST1H4J,41.57308047952676,-377.017264155936
tie_correct,9,HIST1H2AL,67.36535089743728,-987.3604237590623
tie_correct,9,HIST1H1B,72.97206605888934,-1158.253510950816
tie_correct,9,HIST1H3I,48.336025592610476,-509.1191134153938
tie_correct,9,HIST1H3J,50.004581784893,-544.764842382951
tie_correct,9,HIST1H2AM,50.513598076037105,-555.879660922754
tie_correct,9,HIST1H2BO,53.023090541464796,-612.3208839442428
tie_correct,9,HLA-A,-38.27438797175443,-319.78650574798417
tie_correct,9,TRIM10,76.06287591248488,-1258.2979362150852
tie_correct,9,HLA-E,-38.329252755928415,-320.699762591769
tie_correct,9,TUBB,59.61692528374669,-773.6534504601648
tie_correct,9,TCF19,54.42936375905753,-645.1448228886974
tie_correct,9,HLA-B,-38.41958424127732,-322.2062298221884
tie_correct,9,APOM,43.59040994247754,-414.3443282481529
tie_correct,9,TNXB,61.60297480601433,-825.9455961529611
tie_correct,9,FKBPL,51.054096648410145,-567.8050538493991
tie_correct,9,PPT2,55.44037053538098,-669.2733188074634
tie_correct,9,EGFL8,53.57610895104225,-625.1265033462051
tie_correct,9,RNF5,46.557061376894175,-472.4459114204084
tie_correct,9,KIFC1,81.29027961061291,-1436.940922932674
tie_correct,9,SRPK1,38.33408697762773,-320.78029370235635
tie_correct,9,C6orf89,42.7821601505886,-399.1770269562098
tie_correct,9,CCDC167,40.794421617992036,-363.0820666786267
tie_correct,9,TSPO2,69.39116595726395,-1047.5324982709392
tie_correct,9,VEGFA,40.1921020712212,-352.48322282158387
tie_correct,9,SLC29A1,72.56938158639065,-1145.524699252765
tie_correct,9,CENPQ,46.12400608286517,-463.72642914363286
tie_correct,9,RHAG,89.09686860368063,-1725.8174957599604
tie_correct,9,MCM3,40.01677560969213,-349.4276416361494
tie_correct,9,GCLC,53.49748461513372,-623.297792351991
tie_correct,9,KIAA1586,48.31410226017888,-508.65880481677596
tie_correct,9,TTK,61.787714715797435,-830.8968074157056
tie_correct,9,MMS22L,43.794795477573025,-418.22466645529937
tie_correct,9,CEP57L1,55.35148634201207,-667.1342335192643
tie_correct,9,SLC22A16,90.43716658495816,-1778.0759248871877
tie_correct,9,HDAC2,38.98058417724201,-331.6413737734178
tie_correct,9,ASF1A,39.84039902195286,-346.367220638261
tie_correct,9,CENPW,81.7090822646288,-1451.7666159983255
tie_correct,9,AKAP7,46.683292678324136,-475.0028769834275
tie_correct,9,MTFR2,39.8638667109094,-346.7736445272529
tie_correct,9,PCMT1,39.67814339816127,-343.5637450226543
tie_correct,9,LRP11,39.0765827478086,-333.26960663061794
tie_correct,9,FBXO5,65.08767053397787,-921.8352870560283
tie_correct,9,AC147651.1,40.28017193948403,-354.02313438731306
tie_correct,9,MICALL2,42.87925734027794,-400.98412889556005
tie_correct,9,PSMG3,39.26045413425747,-336.39941846173707
tie_correct,9,NUDT1,49.76016198923917,-539.467693894079
tie_correct,9,SNX8,48.667499846655716,-516.1042685642658
tie_correct,9,EIF2AK1,47.20097135546768,-485.5614265985211
tie_correct,9,RPA3,49.922741259432804,-542.9882787211033
tie_correct,9,TSPAN13,45.74265858612711,-456.115481019552
tie_correct,9,JAZF1,45.064234254770824,-442.73151062009384
tie_correct,9,MTURN,47.76520959309768,-497.2021029494074
tie_correct,9,GARS,45.96893510555063,-460.6239007034575
tie_correct,9,AQP1,102.13674348673509,-2267.3687068720624
tie_correct,9,ANLN,72.06502471772033,-1129.6813543799815
tie_correct,9,EPDR1,41.799268457626276,-381.11454216915854
tie_correct,9,BLVRA,47.34510800034737,-488.52193548791024
tie_correct,9,GRB10,41.25627417593218,-371.315815103775
tie_correct,9,ZNF273,47.88227345811057,-499.6345332312635
tie_correct,9,AC073349.1,63.85181386911101,-887.2243961239805
tie_correct,9,AC073210.3,69.89075497663528,-1062.645524977455
tie_correct,9,CD36,64.8064998466143,-913.9026621882321
tie_correct,9,DBF4,42.24296034717584,-389.2162947007688
tie_correct,9,SRI,38.90288710884556,-330.32648152552076
tie_correct,9,ARPC1A,42.27299935633219,-389.76789120935206
tie_correct,9,MCM7,54.77367827529897,-653.3123377835393
tie_correct,9,TFR2,73.70502488849708,-1181.6029737663503
tie_correct,9,POP7,41.716080201464806,-379.6050483361215
tie_correct,9,ACHE,81.80511586491534,-1455.1769580812038
tie_correct,9,NAPEPLD,42.131126449967,-387.1661687677449
tie_correct,9,PSMC2,41.23055342638112,-370.854839992777
tie_correct,9,PRKAR2B,79.60641152302946,-1378.1003929746455
tie_correct,9,BCAP29,53.039746754356855,-612.7046336960642
tie_correct,9,ST7,43.88581123425321,-419.95847091539497
tie_correct,9,STRIP2,44.26229023660718,-427.16840549962444
tie_correct,9,CHCHD3,40.88671780783016,-364.7200891779418
tie_correct,9,KEL,89.97378473904634,-1759.920367614005
tie_correct,9,EZH2,62.92232255257059,-861.6303859953538
tie_correct,9,KCNH2,77.43966133138346,-1304.1976341297716
tie_correct,9,RHEB,43.953792144807785,-421.2558189964038
tie_correct,9,XRCC2,38.824847716669844,-329.0084334023767
tie_correct,9,NCAPG2,68.75770308374074,-1028.5254887737283
tie_correct,9,MFHAS1,57.17813612519823,-711.7834207055448
tie_correct,9,ERI1,43.08220565945545,-404.7744704539094
tie_correct,9,DLC1,40.400367257689965,-356.13019546575964
tie_correct,9,DMTN,61.06169239208034,-811.524007801952
tie_correct,9,SLC25A37,52.35728001211839,-597.079619824554
tie_correct,9,CDCA2,71.28053663649358,-1105.257769069724
tie_correct,9,ESCO2,85.87148185282831,-1603.2564823484947
tie_correct,9,PBK,85.23398043353322,-1579.5668314186473
tie_correct,9,WRN,51.09484875679329,-568.7093373604907
tie_correct,9,ASH2L,46.37683442397278,-468.80718749964814
tie_correct,9,ANK1,75.28958273411506,-1232.878625092102
tie_correct,9,VDAC3,42.133800163370644,-387.21511962763503
tie_correct,9,MCM4,62.74324134054775,-856.7423931633931
tie_correct,9,CA8,40.944218078096526,-365.74244189851
tie_correct,9,GGH,59.44205246948043,-769.1311310840368
tie_correct,9,ARMC1,39.25533863794812,-336.31214535246636
tie_correct,9,LRRCC1,70.20577576109775,-1072.2309057507155
tie_correct,9,CA1,58.998506176163936,-757.7202950620317
tie_correct,9,CA3,73.0104303622236,-1159.469875896425
tie_correct,9,CA2,76.49912355697965,-1272.7526130747283
tie_correct,9,C8orf88,77.22701265228591,-1297.0545405425912
tie_correct,9,CCNE2,57.691236013936866,-724.585839776492
tie_correct,9,DSCC1,52.68025297517019,-604.4488531778974
tie_correct,9,ATAD2,63.4258945310665,-875.449930886029
tie_correct,9,ASAP1,40.81339250230381,-363.41844971784116
tie_correct,9,AGO2,46.99825889213123,-481.41305480665136
tie_correct,9,NAPRT,44.657851693425556,-434.81006815889486
tie_correct,9,TSTA3,51.83558333385191,-585.2717860071251
tie_correct,9,GPAA1,41.60875078725886,-377.66193844915676
tie_correct,9,CYC1,42.504780691283216,-394.0371863874174
tie_correct,9,HSF1,49.642774188312245,-536.9328446891329
tie_correct,9,RECQL4,46.07329954971741,-462.71078729027465
tie_correct,9,RCL1,50.334442300185486,-551.9548093787035
tie_correct,9,CNTLN,39.208954271486625,-335.52132157893317
tie_correct,9,TUSC1,37.72333094996639,-310.68629027289995
tie_correct,9,DCTN3,38.3913699171134,-321.73531639806515
tie_correct,9,ARHGEF39,54.1913271146163,-639.5284257520004
tie_correct,9,HINT2,46.70649273680743,-475.47357430267107
tie_correct,9,MELK,57.22294173835619,-712.8968162786773
tie_correct,9,PIP5K1B,55.74879995190597,-676.7225765147284
tie_correct,9,C9orf40,64.723993464764,-911.581436574985
tie_correct,9,CTSL,77.83457320725515,-1317.5152329770365
tie_correct,9,CKS2,50.17772813288172,-548.5330220923186
tie_correct,9,CENPP,55.413739831053036,-668.632064907848
tie_correct,9,ZNF367,54.04032571262878,-635.978348875522
tie_correct,9,TMOD1,62.139062080583216,-840.3541519454657
tie_correct,9,HEMGN,67.18432705397657,-982.0702655012808
tie_correct,9,ANP32B,45.159614484125306,-444.60110403318447
tie_correct,9,SMC2,71.06199764141984,-1098.5015511804188
tie_correct,9,NIPSNAP3A,43.37915952787637,-410.3527138893693
tie_correct,9,CTNNAL1,59.59245309363642,-773.0197854399928
tie_correct,9,HSDL2,40.66191891547319,-360.736945067117
tie_correct,9,ALAD,72.99087015061745,-1158.8496269353766
tie_correct,9,CDK5RAP2,40.357724042030625,-355.38192903316104
tie_correct,9,STOM,51.736228360927704,-583.0364269608513
tie_correct,9,AL359644.1,38.39690609581116,-321.8276911849756
tie_correct,9,AK1,76.16495985919951,-1261.6729905826328
tie_correct,9,ST6GALNAC4,60.65984836513094,-800.8998027432566
tie_correct,9,DPM2,41.4619433252289,-375.01220822156233
tie_correct,9,WDR34,77.40545568636901,-1303.0473052155971
tie_correct,9,SH3GLB2,48.3626864439805,-509.6791734752089
tie_correct,9,MIGA2,39.97748134517722,-348.74465321854734
tie_correct,9,CRAT,37.82766406094751,-312.399144775165
tie_correct,9,NCS1,75.52119733896414,-1240.464907216946
tie_correct,9,GFI1B,91.40636811306449,-1816.351241345532
tie_correct,9,RXRA,38.66132151726727,-326.2551260066894
tie_correct,9,UBAC1,65.45720478138011,-932.3131017405831
tie_correct,9,TUBB4B,39.40401095239948,-338.8532063039092
tie_correct,9,NET1,43.48033614008934,-412.26204699817737
tie_correct,9,IL15RA,39.723622829162196,-344.34839254034256
tie_correct,9,MCM10,65.30440438807734,-927.9733930029206
tie_correct,9,FRMD4A,42.99211787034606,-403.08974932585943
tie_correct,9,TIMM23,39.06593524457787,-333.0888169969282
tie_correct,9,ZWINT,82.258868341515,-1471.3447642007427
tie_correct,9,CDK1,91.9882793796099,-1839.5278225175791
tie_correct,9,DNA2,45.93604113520385,-459.96712804584547
tie_correct,9,DNAJC9,62.415082889077404,-847.8214971552255
tie_correct,9,MINPP1,78.44931473903449,-1338.3808951980368
tie_correct,9,KIF20B,56.440686686919975,-693.583423701655
tie_correct,9,KIF11,85.18009908031397,-1577.5726802344745
tie_correct,9,HELLS,44.33725970554164,-428.61148841341844
tie_correct,9,ARHGAP19,40.736652151786885,-362.0586870312313
tie_correct,9,DCLRE1A,38.43836124910764,-322.51982043856725
tie_correct,9,PRDX3,39.66114325100815,-343.2706753870723
tie_correct,9,OAT,55.238408515740545,-664.4178621950814
tie_correct,9,UROS,58.31670910808842,-740.3466910410317
tie_correct,9,MKI67,93.1422140162168,-1885.9220722088032
tie_correct,9,CHID1,41.446133651241986,-374.7274171092869
tie_correct,9,RRM1,62.537600045482165,-851.146622353147
tie_correct,9,HBB,38.58709543327941,-325.00920335476013
tie_correct,9,HBD,48.653941610837194,-515.8176203436059
tie_correct,9,AKIP1,37.80995521701792,-312.10808278489617
tie_correct,9,WEE1,50.15767377846315,-548.0959132585577
tie_correct,9,SOX6,77.76471278244017,-1315.1544021946097
tie_correct,9,E2F8,73.34675471476528,-1170.160615214851
tie_correct,9,SVIP,37.92324176390399,-313.97240639652614
tie_correct,9,CCDC34,72.43426526797225,-1141.2694635142302
tie_correct,9,LGR4,38.25293401436564,-319.42974721636
tie_correct,9,KIF18A,59.606688909827604,-773.3883656344159
tie_correct,9,IMMP1L,38.94303103416976,-331.00552282520204
tie_correct,9,CD59,52.96283330852172,-610.9335973104307
tie_correct,9,LMO2,52.267530035637385,-595.0398465551585
tie_correct,9,CAT,50.9628181862736,-565.7822136652185
tie_correct,9,CKAP5,47.12253165931145,-483.95409613171563
tie_correct,9,PSMC3,38.53924273261923,-324.20723906669497
tie_correct,9,MTCH2,37.88919259543821,-313.41148372735256
tie_correct,9,PRG2,44.718924585111104,-435.99595890866783
tie_correct,9,SLC43A3,46.46450544928786,-470.57547593932514
tie_correct,9,SLC43A1,68.13389775991509,-1009.9785239466215
tie_correct,9,YPEL4,52.1653730921662,-592.7223521493883
tie_correct,9,FEN1,67.62601794779843,-995.0030343693155
tie_correct,9,RAB3IL1,71.87248005626162,-1123.662087831195
tie_correct,9,FTH1,37.94231825852075,-314.28689061772855
tie_correct,9,INCENP,46.556631493521515,-472.437215438122
tie_correct,9,BAD,41.16575973624052,-369.69486050481
tie_correct,9,SAC3D1,47.848533624081,-498.9328544737774
tie_correct,9,CDCA5,58.346501945415405,-741.1016574870015
tie_correct,9,CTTN,57.36357559458182,-716.3971538194138
tie_correct,9,PPME1,55.428013857127866,-668.9757379529739
tie_correct,9,ENDOD1,42.0080089055511,-384.9154701464979
tie_correct,9,ACAT1,38.91474992801929,-330.5270703185116
tie_correct,9,RDX,59.22321314556342,-763.4905145666315
tie_correct,9,PPP2R1B,43.3679108011583,-410.1407103826315
tie_correct,9,SLC37A4,68.97843237131028,-1035.1286772196988
tie_correct,9,HMBS,67.55997678261322,-993.0639542752449
tie_correct,9,NECTIN1,51.69249563085796,-582.0538551250172
tie_correct,9,SPA17,44.60172247526368,-433.72159960822665
tie_correct,9,CCDC15,49.28670259604451,-529.2804973920755
tie_correct,9,CHEK1,54.59810834749737,-649.1411969450319
tie_correct,9,NCAPD3,57.41003986394279,-717.5555237217553
tie_correct,9,FOXM1,64.01170873877143,-891.6649965929716
tie_correct,9,RHNO1,38.216181743184556,-318.8190567514686
tie_correct,9,RAD51AP1,67.65479007660737,-995.8484248854284
tie_correct,9,NCAPD2,44.017181843377216,-422.46735573183213
tie_correct,9,PTMS,70.33167586386942,-1076.0738172672225
tie_correct,9,CDCA3,72.90480409460758,-1156.12246951481
tie_correct,9,LPCAT3,55.75743029575775,-676.9316125464813
tie_correct,9,SLC2A14,49.04656636515475,-524.1507975461578
tie_correct,9,HEBP1,67.54420977912987,-992.6012884670499
tie_correct,9,ART4,58.83569229930969,-753.553116519498
tie_correct,9,CMAS,51.317523919629544,-573.6632003950645
tie_correct,9,CAPRIN2,44.142645975982866,-424.87043371083774
tie_correct,9,SLC48A1,64.46251711934764,-904.2446156708648
tie_correct,9,TMEM106C,51.87731742436973,-586.2120274790254
tie_correct,9,PFKM,42.58781725997527,-395.5723514564288
tie_correct,9,TUBA1B,51.89077659263917,-586.5154148923928
tie_correct,9,TUBA1C,49.57024947301678,-535.3697498125924
tie_correct,9,TROAP,81.562668917689,-1446.5748970180407
tie_correct,9,RACGAP1,67.85537046416947,-1001.7519197830904
tie_correct,9,SLC11A2,58.17366348238052,-736.7272054373119
tie_correct,9,NFE2,55.444446104038455,-669.3714836069008
tie_correct,9,CDK2,47.6512478376341,-494.8398449199393
tie_correct,9,TIMELESS,41.266892481092704,-371.5062033436261
tie_correct,9,PRIM1,49.19921216968061,-527.4086609950393
tie_correct,9,HMGA2,46.41910890205368,-469.6594297578423
tie_correct,9,YEATS4,47.55124096484867,-492.7714954426525
tie_correct,9,E2F7,46.48133955567217,-470.9153947652736
tie_correct,9,NUDT4,42.664236655529486,-396.98782402446545
tie_correct,9,METAP2,44.279237232018254,-427.4944038072735
tie_correct,9,TMPO-AS1,37.920502251523395,-313.9272573251571
tie_correct,9,TMPO,38.9042480112844,-330.34948996741906
tie_correct,9,GAS2L3,54.973014787361926,-658.064340997957
tie_correct,9,CHPT1,45.955003429256784,-460.34567858413305
tie_correct,9,NUP37,48.33848022310256,-509.1706645321006
tie_correct,9,PARPBP,67.29266332905375,-985.2345258125908
tie_correct,9,HELLPAR,38.92617079893785,-330.7202438999829
tie_correct,9,TESC,57.658830102361385,-723.7738942981304
tie_correct,9,RFC5,50.2651735730189,-550.4410413472897
tie_correct,9,PRKAB1,46.681593806183606,-474.96841838239914
tie_correct,9,CIT,69.65277315160488,-1055.4328398684254
tie_correct,9,ACADS,39.98308408201133,-348.84199553435593
tie_correct,9,PSMD9,44.9294984541882,-440.097219179759
tie_correct,9,KNTC1,38.128503478352286,-317.3645269972667
tie_correct,9,KMT5A,66.23888017139674,-954.6721711225983
tie_correct,9,STX2,39.911937522769364,-347.6069025387001
tie_correct,9,RAN,38.66129675614825,-326.2547099799862
tie_correct,9,PXMP2,43.794703631947385,-418.2229186583613
tie_correct,9,SKA3,58.225060412166734,-738.0266801566294
tie_correct,9,SLC7A1,62.97501307484372,-863.0712164824503
tie_correct,9,KATNAL1,51.15774414505014,-570.1063921457088
tie_correct,9,HMGB1,39.45228229909716,-339.6803081807568
tie_correct,9,BRCA2,61.37097344911498,-819.7487208832258
tie_correct,9,RFC3,59.68207134855625,-775.3415624998883
tie_correct,9,WBP4,38.06954127612691,-316.38825569760644
tie_correct,9,RGCC,41.352225892666866,-373.03802465165404
tie_correct,9,DLEU2,46.281780077769156,-466.89375036825805
tie_correct,9,CKAP2,63.56025258600993,-879.1557313576976
tie_correct,9,DIAPH3,80.02240131555845,-1392.5220917899057
tie_correct,9,MZT1,55.41652123081724,-668.6990252086371
tie_correct,9,RAP2A,39.02326348573253,-332.36476419113166
tie_correct,9,TEX30,46.30622991197947,-467.38554908672813
tie_correct,9,TFDP1,69.23310435818102,-1042.7735573585412
tie_correct,9,PCK2,45.12192934191748,-443.86194766812116
tie_correct,9,DCAF11,44.15685494549748,-425.14301602134196
tie_correct,9,EMC9,53.128195943150146,-614.7444711164628
tie_correct,9,STRN3,38.56440204527551,-324.6287605517732
tie_correct,9,SLC25A21,82.7291704126885,-1488.1966094055745
tie_correct,9,LRR1,63.648837768782876,-881.6033335499761
tie_correct,9,POLE2,57.62780787374771,-722.9970448008758
tie_correct,9,TXNDC16,43.706052627662395,-416.53762192340645
tie_correct,9,CDKN3,90.60147776539992,-1784.536121076222
tie_correct,9,WDHD1,57.94107460879288,-730.8609719013537
tie_correct,9,DLGAP5,98.54113545985103,-2110.6686011450656
tie_correct,9,DAAM1,60.43924170999561,-795.0970751620475
tie_correct,9,SPTB,84.17170116809989,-1540.4844063228122
tie_correct,9,PLEK2,48.93502975980945,-521.7767084763383
tie_correct,9,DPF3,40.51167654642057,-358.0870738679887
tie_correct,9,ACYP1,39.166609678182546,-334.8001886884815
tie_correct,9,EFCAB11,41.438045986653464,-374.5817700917109
tie_correct,9,IFI27L1,51.68344049246244,-581.8505111690346
tie_correct,9,SNHG10,43.07984585453373,-404.73029509030425
tie_correct,9,GLRX5,43.27874675030416,-408.4621885236745
tie_correct,9,VRK1,54.70093014812781,-651.5823845516107
tie_correct,9,ANKRD9,59.78397532667899,-777.9858677019171
tie_correct,9,ZFYVE21,63.55234867392818,-878.9375124031637
tie_correct,9,KIF26A,61.205048320717154,-815.3311091433116
tie_correct,9,CDCA4,63.58882471350563,-879.9448049230597
tie_correct,9,AC091057.6,41.78422179138758,-380.84129013151494
tie_correct,9,ARHGAP11A,61.7273353484566,-829.2769509014922
tie_correct,9,BUB1B,59.76802990289877,-777.5718025278172
tie_correct,9,KNSTRN,59.19945912344747,-762.8795020410278
tie_correct,9,KNL1,83.41538658781994,-1512.9573878503475
tie_correct,9,RAD51,59.00945542447522,-758.0009512256682
tie_correct,9,RMDN3,44.8661847526709,-438.86206077984343
tie_correct,9,OIP5,64.30325446079604,-899.7903776596187
tie_correct,9,NUSAP1,91.45202248949239,-1818.164265382487
tie_correct,9,HAUS2,44.088768148089606,-423.8376473384696
tie_correct,9,EPB42,58.487717709001146,-744.6853829059818
tie_correct,9,ADAL,42.47359465815321,-393.46139772995423
tie_correct,9,WDR76,58.749626053812044,-751.354923496174
tie_correct,9,DUT,40.68848247209972,-361.20647397978246
tie_correct,9,CEP152,41.7365778321858,-379.97670954560243
tie_correct,9,CCNB2,90.47187442291774,-1779.439550692389
tie_correct,9,TLN2,57.28870857440771,-714.5326656667213
tie_correct,9,TPM1,55.75479455815839,-676.8677687716637
tie_correct,9,SNX22,67.38686324198346,-987.990036614978
tie_correct,9,PCLAF,78.96602865364234,-1356.0462193402952
tie_correct,9,HACD3,48.19699472930098,-506.20351537106643
tie_correct,9,ZWILCH,42.976630301698485,-402.80047299707354
tie_correct,9,KIF23,77.83863965272286,-1317.6527178163697
tie_correct,9,AC100835.2,55.98243470200036,-682.3928681352023
tie_correct,9,COMMD4,38.396554618537714,-321.8218261597942
tie_correct,9,DNAJA4,74.7510236892233,-1215.3287680666504
tie_correct,9,AC103876.1,49.78201496279574,-539.9402432037737
tie_correct,9,FANCI,69.83501718971537,-1060.9540347648845
tie_correct,9,IDH2,57.12145479196413,-710.3761685665943
tie_correct,9,RCCD1,54.00036501321813,-635.04052033757
tie_correct,9,PRC1,96.56693040355132,-2027.0183164527298
tie_correct,9,SNRNP25,40.562612867768124,-358.9843558166945
tie_correct,9,NPRL3,43.16789019818037,-406.3801156071925
tie_correct,9,HBZ,48.955828127382105,-522.218998145018
tie_correct,9,HBM,56.50821182641058,-695.2401008002648
tie_correct,9,HBA1,38.510568064517855,-323.7271559658464
tie_correct,9,HBQ1,60.739859436242234,-803.0095956755787
tie_correct,9,NME4,66.64687619493641,-966.4478783341954
tie_correct,9,DECR2,51.406265375244644,-575.6434337290668
tie_correct,9,PIGQ,70.85341144869611,-1092.0723703866397
tie_correct,9,NHLRC4,55.620812787734124,-673.626388052904
tie_correct,9,JPT2,42.87876251633527,-400.9749092196836
tie_correct,9,HAGH,50.66256841837244,-559.1538359267674
tie_correct,9,FAHD1,47.181157958761816,-485.15517244248736
tie_correct,9,ECI1,42.33698086883615,-390.9440683521206
tie_correct,9,CCNF,64.17273846272981,-896.148333323607
tie_correct,9,TEDC2,38.39807648634913,-321.84722162505756
tie_correct,9,PKMYT1,69.37257107251843,-1046.9720778334931
tie_correct,9,PAQR4,42.195303649189476,-388.3419939159728
tie_correct,9,ROGDI,41.62239663193877,-377.9087076919576
tie_correct,9,CARHSP1,43.52011516149834,-413.013945333807
tie_correct,9,RMI2,58.25449737498924,-738.771454956914
tie_correct,9,CCP110,51.78242644252673,-584.0752912915304
tie_correct,9,ERI2,55.27898942279675,-665.3920637713818
tie_correct,9,REXO5,43.02239266199854,-403.6555216327072
tie_correct,9,PLK1,61.908899380519465,-834.1527238805901
tie_correct,9,KIF22,56.60926518970154,-697.7230649912028
tie_correct,9,MAZ,40.60208312874837,-359.6804288047808
tie_correct,9,AHSP,59.41446148396373,-768.4188237761208
tie_correct,9,SHCBP1,78.99415322451276,-1357.011064094401
tie_correct,9,ORC6,62.900757259172494,-861.0410273501985
tie_correct,9,E2F4,52.77947991690664,-606.7219955901479
tie_correct,9,RANBP10,38.74874352488675,-327.7256155563282
tie_correct,9,CDH1,55.648108221692645,-674.2861061461175
tie_correct,9,ZNRF1,52.36930047736177,-597.3530779061713
tie_correct,9,CENPN,80.73420518358714,-1417.3734817875857
tie_correct,9,GINS2,62.834806560373025,-859.2399114350602
tie_correct,9,C16orf95,67.77502769515534,-999.3851689913977
tie_correct,9,SLC7A5,44.854287214663984,-438.6301512991598
tie_correct,9,CDT1,68.49391998726084,-1020.6620785211211
tie_correct,9,SPATA33,49.0333068077272,-523.8682811623586
tie_correct,9,FANCA,41.97454787346491,-384.30490966242473
tie_correct,9,RILP,59.38354081970782,-767.6209480140711
tie_correct,9,MPDU1,52.30098710536704,-595.799826079873
tie_correct,9,ATP1B2,88.94829216518814,-1720.072506559176
tie_correct,9,AURKB,65.18751243117701,-924.660369523395
tie_correct,9,MYH10,79.28203763312482,-1366.9070112458335
tie_correct,9,LRRC75A,37.79826125954567,-311.915955886169
tie_correct,9,COPS3,44.14003778145144,-424.82040809671633
tie_correct,9,NT5M,75.87983245674562,-1252.2575654200566
tie_correct,9,EPN2,62.20757601686161,-842.2046113469886
tie_correct,9,SPECC1,44.016968690848095,-422.46327892769716
tie_correct,9,TMEM11,42.82573783675694,-399.9875568383726
tie_correct,9,MAP2K3,38.14764800299109,-317.68183845053414
tie_correct,9,POLDIP2,38.751833675252385,-327.7776543965908
tie_correct,9,SPAG5,64.95670275792601,-918.1360429085257
tie_correct,9,AC024267.1,78.07631229994155,-1325.7008058064177
tie_correct,9,DHRS13,77.70989152080628,-1313.3032819161244
tie_correct,9,ATAD5,61.6139571511146,-826.2395195363148
tie_correct,9,DHRS11,37.76171686731531,-311.31592912175495
tie_correct,9,ARHGAP23,75.44402580969083,-1237.9346508529525
tie_correct,9,CDC6,62.961369904781925,-862.6980262337632
tie_correct,9,TOP2A,88.9674757501289,-1720.8137372401723
tie_correct,9,KRT13,38.37532044672897,-321.4675955940711
tie_correct,9,TTC25,48.05838174360339,-503.30503391606146
tie_correct,9,ATP6V0A1,40.54948198260467,-358.75293758078624
tie_correct,9,PSMC3IP,46.552716478343,-472.3580234580236
tie_correct,9,TUBG1,88.77379168703847,-1713.3373558794863
tie_correct,9,PLEKHH3,71.69690229617811,-1118.1872672608708
tie_correct,9,BRCA1,57.49631226804262,-719.7088097574117
tie_correct,9,SLC4A1,62.79086019844334,-858.0407832014927
tie_correct,9,SLC25A39,50.87057935025983,-563.7417647751657
tie_correct,9,KIF18B,52.63199875148453,-603.3449651059049
tie_correct,9,CDC27,55.4003117273727,-668.3088397270616
tie_correct,9,AC002558.3,41.475291267892004,-375.25273884733133
tie_correct,9,MYL4,70.05449963899252,-1067.622532532275
tie_correct,9,FAM117A,43.72006626312756,-416.8038006325835
tie_correct,9,MRPL27,42.38805702914888,-391.8842807977268
tie_correct,9,MMD,40.1111334914371,-351.07044830342585
tie_correct,9,RAD51C,45.36308211120915,-448.6025675139243
tie_correct,9,SKA2,55.94257529568449,-681.423807738738
tie_correct,9,PRR11,53.94910802538071,-633.8385967175816
tie_correct,9,CLTC,44.89548456007149,-439.43344118374324
tie_correct,9,USP32,40.48342348998219,-357.58986037948625
tie_correct,9,C17orf58,46.81749847235569,-477.7289616990355
tie_correct,9,KPNA2,42.35667495232654,-391.30646386838146
tie_correct,9,WIPI1,51.746678664845774,-583.2713436798949
tie_correct,9,FAM104A,41.57224643031089,-377.00219687926705
tie_correct,9,CDC42EP4,51.75374517085027,-583.4302214702797
tie_correct,9,SMIM5,62.8837424892823,-860.5761726247233
tie_correct,9,SPHK1,63.242779484066986,-870.4119585914348
tie_correct,9,ST6GALNAC1,48.53172044252311,-513.2372224755129
tie_correct,9,C17orf99,72.95543585555595,-1157.7264382025746
tie_correct,9,TK1,78.57482114548193,-1342.6610260753919
tie_correct,9,BIRC5,95.34225240280684,-1975.9773199565868
tie_correct,9,ALYREF,43.449713501769146,-411.68368942519254
tie_correct,9,MAFG,46.01132934232233,-461.47105180447517
tie_correct,9,PYCR1,48.69360185939722,-516.6563420145363
tie_correct,9,NARF,45.74533568128251,-456.16869056264557
tie_correct,9,FN3K,71.95830698850666,-1126.343192042372
tie_correct,9,USP14,48.16597962707336,-505.55424646214095
tie_correct,9,TYMSOS,80.39812845716429,-1405.6125336919008
tie_correct,9,TYMS,77.46007122228583,-1304.8842566402866
tie_correct,9,ENOSF1,48.09609029003053,-504.09271657215623
tie_correct,9,NDC80,74.07092465215827,-1193.3465322884217
tie_correct,9,TUBB6,42.5727579524348,-395.2937155321163
tie_correct,9,RBBP8,42.49811356125248,-393.9140554896928
tie_correct,9,TPGS2,50.38059057896312,-552.9644695236968
tie_correct,9,SLC14A1,42.40195281192646,-392.14027098312715
tie_correct,9,HAUS1,37.84447514591052,-312.6755771545184
tie_correct,9,SKA1,75.41281833271276,-1236.912172099205
tie_correct,9,CCDC68,38.09087415511432,-316.74130232533196
tie_correct,9,FECH,57.33780525774198,-715.7550947317607
tie_correct,9,NEDD4L,47.39001631708426,-489.4461769977876
tie_correct,9,BSG,44.5401970371756,-432.53005761472065
tie_correct,9,STK11,37.92094070354006,-313.93448310072705
tie_correct,9,TCF3,41.54113654439821,-376.4404058367854
tie_correct,9,TMPRSS9,44.990542838944535,-441.2897541334729
tie_correct,9,LMNB2,52.54597149787447,-601.3794696133092
tie_correct,9,SLC39A3,39.6504483151143,-343.08636708626466
tie_correct,9,CHAF1A,50.54203562860035,-556.5039374464943
tie_correct,9,UHRF1,45.631178003192474,-453.9024717949364
tie_correct,9,ICAM4,54.58341332941124,-648.7926837782325
tie_correct,9,KEAP1,39.46569944886773,-339.9103829711694
tie_correct,9,ATG4D,43.99911927765948,-422.12195693284275
tie_correct,9,CARM1,42.3440963606246,-391.0749827850616
tie_correct,9,SPC24,83.96098910552936,-1532.7903155288745
tie_correct,9,KANK2,40.72860975916208,-361.9163318071067
tie_correct,9,EPOR,83.00371182380172,-1498.0783644145772
tie_correct,9,PRDX2,55.06903017772783,-660.3594174686979
tie_correct,9,KLF1,73.65163078095009,-1179.8941496287682
tie_correct,9,RAD23A,48.49689712837385,-512.5032013065238
tie_correct,9,SAMD1,46.723452370479016,-475.817809804268
tie_correct,9,ASF1B,59.1314099375518,-761.1304639011597
tie_correct,9,HAUS8,40.03521657114586,-349.74840198700247
tie_correct,9,ANKLE1,82.4421857940542,-1477.9019656223363
tie_correct,9,PIK3R2,56.994789015449776,-707.236423624446
tie_correct,9,AC010615.2,52.58263036465731,-602.2166350311314
tie_correct,9,CCNE1,68.83281517142028,-1030.7701167404243
tie_correct,9,WDR62,43.6149076653317,-414.80847053109085
tie_correct,9,POLR2I,41.88642145216658,-382.6992001008714
tie_correct,9,BLVRB,55.850806137794585,-679.1953415828723
tie_correct,9,KCNN4,51.920535005215115,-587.1864879474305
tie_correct,9,BCAM,51.90232341319624,-586.7757581405976
tie_correct,9,APOC1,47.130574099407774,-484.1187732081596
tie_correct,9,CALM3,38.91348263059753,-330.50563863156424
tie_correct,9,SLC1A5,54.67741751404329,-651.0237445336016
tie_correct,9,AP2S1,40.7534393568874,-362.35592119347035
tie_correct,9,NAPA,37.97664733448632,-314.853218039307
tie_correct,9,LIG1,48.25030287409554,-507.32044162402264
tie_correct,9,FUT1,56.12130935851888,-685.7745718278483
tie_correct,9,BCL2L12,43.97973273838387,-421.7513982106611
tie_correct,9,AP2A1,50.14037440917351,-547.7189929113304
tie_correct,9,TMEM86B,50.29426603021394,-551.0765612921912
tie_correct,9,KMT5C,37.67944236679941,-309.9671755147241
tie_correct,9,UBE2S,40.28704047043652,-354.1433729365052
tie_correct,9,ZNF530,38.688247202300154,-326.7076783772928
tie_correct,9,AC016629.2,48.19349942768802,-506.13032398854847
tie_correct,9,C20orf27,40.05681729354527,-350.1243106231342
tie_correct,9,PCNA,49.170186569051275,-526.7883994059214
tie_correct,9,MCM8,41.03807407087285,-367.4142809416362
tie_correct,9,CRLS1,46.64872133177519,-474.30190534446376
tie_correct,9,MGME1,43.08050135306445,-404.74256572908126
tie_correct,9,GINS1,46.454910417335796,-470.3817855014471
tie_correct,9,TPX2,94.13303422899963,-1926.21966210415
tie_correct,9,E2F1,55.59563810439263,-673.0182142686544
tie_correct,9,DSN1,51.493766301009614,-577.5993325341892
tie_correct,9,TGM2,61.99128976870873,-836.3699803075764
tie_correct,9,FAM83D,61.8997222363501,-833.905934757917
tie_correct,9,MYBL2,87.0566327153528,-1647.7658712917412
tie_correct,9,UBE2C,71.8028352636489,-1121.4888400827529
tie_correct,9,CSE1L,39.50259522790402,-340.54346777249333
tie_correct,9,B4GALT5,39.08701976554813,-333.4468700730855
tie_correct,9,RIPOR3,56.17290276109213,-687.0330436949777
tie_correct,9,FAM210B,53.523500633878896,-623.9025977204453
tie_correct,9,AURKA,73.20010065928223,-1165.492884983747
tie_correct,9,TUBB1,60.25900713578139,-790.3719583036963
tie_correct,9,SLC2A4RG,41.77021534635523,-380.5870171409854
tie_correct,9,MYT1,46.14428076026736,-464.1328392859706
tie_correct,9,BTG3,65.7422910682168,-940.4369849550903
tie_correct,9,MIS18A,49.74678794350597,-539.1785954190073
tie_correct,9,DONSON,47.32834929927675,-488.1772551527937
tie_correct,9,ITSN1,39.090203930092564,-333.5009596814104
tie_correct,9,PSMG1,46.459189499044925,-470.4681603922266
tie_correct,9,COL18A1,56.6670072540579,-699.1438254108978
tie_correct,9,C21orf58,80.01107820164167,-1392.128542762146
tie_correct,9,CDC45,58.21593072727403,-737.7957694726796
tie_correct,9,GP1BB,39.06484499049861,-333.0703077687361
tie_correct,9,TANGO2,55.159586866902316,-662.5276810051186
tie_correct,9,GUCD1,39.812311255534304,-345.881098438846
tie_correct,9,CHEK2,38.62905923284734,-325.71329333087306
tie_correct,9,CCDC117,38.79705323371749,-328.5396361763988
tie_correct,9,KREMEN1,65.23885697818416,-926.114877503052
tie_correct,9,GAS2L1,56.01181644820279,-683.1076376799075
tie_correct,9,SEC14L4,58.461868221668716,-744.0287360665235
tie_correct,9,OSBP2,63.961292653403206,-890.2636427735299
tie_correct,9,YWHAH,51.117909292138215,-569.221366794166
tie_correct,9,FBXO7,37.857010486875,-312.8817813403689
tie_correct,9,MCM5,47.22017614098064,-485.9553644257293
tie_correct,9,APOL4,46.6634239649779,-474.5999538135567
tie_correct,9,TST,45.16875993379077,-444.78057583529
tie_correct,9,MPST,51.77686495240909,-583.9501800347847
tie_correct,9,PDXP,41.14711660614368,-369.36143644056295
tie_correct,9,H1F0,81.74794779651862,-1453.1463250996094
tie_correct,9,DMC1,49.44793428439289,-532.7387145992491
tie_correct,9,APOBEC3B,42.31273477965411,-390.49814151114043
tie_correct,9,MGAT3,47.16600271670029,-484.8445441801568
tie_correct,9,RBX1,41.26843172045108,-371.5338062605281
tie_correct,9,RANGAP1,39.71833804561046,-344.2571691305095
tie_correct,9,PMM1,42.726661926192726,-398.1459725300856
tie_correct,9,CENPM,58.86347088686106,-754.2632878892188
tie_correct,9,A4GALT,83.79584699567091,-1526.7736748239727
tie_correct,9,TTLL12,43.24740537821404,-407.8730038573651
tie_correct,9,SAMM50,39.79070413339854,-345.5073714355303
tie_correct,9,PARVB,50.78023606405038,-561.7468285106136
tie_correct,9,GTSE1,77.40909717923024,-1303.1697437187365
tie_correct,9,NCAPH2,38.08272662962897,-316.60644224837097
tie_correct,9,FANCB,38.39600601067009,-321.81267176621213
tie_correct,9,PIR,46.79897016752682,-477.35213622994615
tie_correct,9,REPS2,38.76839451755033,-328.0566133966745
tie_correct,9,PDHA1,43.992886450337,-422.0028034598177
tie_correct,9,POLA1,38.39168254346297,-321.74053242019266
tie_correct,9,XK,75.30604720263378,-1233.4171316119136
tie_correct,9,SLC38A5,78.83086533038673,-1351.4140826568812
tie_correct,9,GATA1,75.72309528882447,-1247.0968554761696
tie_correct,9,ALAS2,51.11351127106149,-569.1236965944344
tie_correct,9,FAM104B,37.71659520376683,-310.5758707183621
tie_correct,9,YIPF6,42.13272585378869,-387.19545058801634
tie_correct,9,KIF4A,75.69357467598432,-1246.1260569409983
tie_correct,9,ERCC6L,42.84894520595487,-400.4195422489957
tie_correct,9,HMGN5,62.40285686886119,-847.4900396421367
tie_correct,9,SYTL4,48.46034830982888,-511.7333753980406
tie_correct,9,CENPI,43.054589020914165,-404.2576405206959
tie_correct,9,PRPS1,39.267915156406566,-336.5267278617436
tie_correct,9,AMMECR1,57.72256084000418,-725.3711315177035
tie_correct,9,HPRT1,38.50812839118927,-323.6863264227121
tie_correct,9,HMGB3,82.68867799636625,-1486.7419080627317
tie_correct,9,SLC6A8,65.73907023283633,-940.3450062129334
tie_correct,9,MPP1,39.91625839555111,-347.6818495444936
tie_correct,9,VBP1,41.59779412176939,-377.4638583876797
tie_correct,10,MIXL1,40.70079396464051,-361.4241918420514
tie_correct,10,SDC1,64.01708905429835,-891.8146117680755
tie_correct,10,AC106897.1,42.179643723475,-388.0549150633673
tie_correct,10,BMP6,42.0762482909591,-386.1621343039479
tie_correct,10,CAV1,38.437777629661795,-322.51007123635947
tie_correct,10,GLDC,41.8195936421232,-381.48380973130685
tie_correct,10,KCNMA1,39.270833302365865,-336.5765275329919
tie_correct,10,GPRC5D,49.28128523730471,-529.1644978110284
tie_correct,10,BHLHE41,49.315534244011666,-529.8980714491552
tie_correct,10,IGF1,57.009030063921834,-707.5890779694548
tie_correct,10,IGHGP,47.939914012067526,-500.8344124537122
tie_correct,10,TNFRSF17,51.23175067840378,-571.7524508651118
tie_correct,10,SCNN1B,53.65282395013878,-626.913392190423
tie_correct,10,NPIPB6,40.01677295437488,-349.42759546043845
tie_correct,10,TNFRSF13B,44.21806286838156,-426.31821964708035
tie_correct,10,JSRP1,39.09939222942765,-333.65706658399085
tie_correct,10,IGLV3-1,42.32431059685701,-390.71100865772036
tie_correct,10,DERL3,38.37360275724795,-321.4389494823971
tie_correct,11,CD52,41.391769954430856,-373.7489523605653
tie_correct,11,FCRL2,39.41773352532921,-339.0882318479506
tie_correct,11,FCRL1,63.495792291176606,-877.3768397797556
tie_correct,11,FCGR2B,38.43044250856271,-322.38755266179055
tie_correct,11,FCRLA,43.24728369439806,-407.87071716116395
tie_correct,11,RALGPS2,59.353830046224914,-766.8546832919183
tie_correct,11,IGKC,53.49315411224155,-623.1971478500731
tie_correct,11,AFF3,53.245031418333575,-617.4441665416241
tie_correct,11,LINC01857,39.660624705608,-343.2617380292637
tie_correct,11,EAF2,44.31532388731425,-428.1889946469343
tie_correct,11,TLR10,44.62719279896701,-434.2153555209033
tie_correct,11,BANK1,70.13807253194982,-1070.1672120776207
tie_correct,11,MARCH1,38.491564926750726,-323.40919421770116
tie_correct,11,MEF2C,53.4663387159748,-622.5741169536778
tie_correct,11,CD74,49.791230828864414,-540.1395894986115
tie_correct,11,CD83,41.21081966103358,-370.5013601014722
tie_correct,11,LTB,40.09986600778377,-350.87407394920274
tie_correct,11,HLA-DRA,53.862548639239,-631.8114577106214
tie_correct,11,HLA-DRB5,48.280840735750125,-507.9608346856246
tie_correct,11,HLA-DRB1,53.61065487585398,-625.9308502051745
tie_correct,11,HLA-DQA1,63.138180159393634,-867.5406918532254
tie_correct,11,HLA-DQB1,49.52238376214444,-534.3393709710363
tie_correct,11,HLA-DOB,50.13591515587424,-547.6218553258669
tie_correct,11,HLA-DMB,47.65923751747281,-495.0052753491151
tie_correct,11,HLA-DMA,48.543651711307795,-513.4888361017943
tie_correct,11,HLA-DPA1,53.09202588960792,-613.9098977848387
tie_correct,11,HLA-DPB1,52.49170832429783,-600.1413518991986
tie_correct,11,COL19A1,39.6504134357805,-343.0857660838635
tie_correct,11,CD24,41.01773129015007,-367.0515942939779
tie_correct,11,CALHM6,39.82951166048562,-346.17874963342825
tie_correct,11,BLK,50.207199435351775,-549.1757014821441
tie_correct,11,ADAM28,39.451249869055495,-339.6626074996695
tie_correct,11,PNOC,46.744720352978746,-476.249669805079
tie_correct,11,PLPP5,52.78008768467543,-606.7359318214062
tie_correct,11,CD72,43.161335207778876,-406.25716887201054
tie_correct,11,PAX5,49.34078826846191,-530.43930926655
tie_correct,11,PDLIM1,41.68362601212777,-379.01696482933284
tie_correct,11,SWAP70,54.48548846456308,-646.4726508742222
tie_correct,11,MS4A1,76.44067302664507,-1270.8111125316168
tie_correct,11,BIRC3,41.09645373362716,-368.45611557593406
tie_correct,11,LINC02397,55.580303274682116,-672.6478879972026
tie_correct,11,HVCN1,58.75187737958917,-751.4123829924353
tie_correct,11,TCL1A,59.08768169346807,-760.0075972521681
tie_correct,11,IGHD,69.2943950356823,-1044.6176180527173
tie_correct,11,IGHM,57.63263767572155,-723.1179638153004
tie_correct,11,LINC00926,70.81785947051227,-1090.9784483125807
tie_correct,11,CD19,39.84751480876817,-346.49042975276234
tie_correct,11,IRF8,38.75215453715604,-327.78305802207564
tie_correct,11,P2RX5,44.77752940410241,-437.13544778285643
tie_correct,11,CD79B,59.96232245096313,-782.6246456784547
tie_correct,11,GNG7,40.82617774362789,-363.6452398774029
tie_correct,11,FCER2,65.08790752335625,-921.8419876787608
tie_correct,11,NIBAN3,40.02888108978588,-349.6381865759512
tie_correct,11,CD22,59.1342431244771,-761.2032439414636
tie_correct,11,CD79A,71.95064237255178,-1126.1036309092858
tie_correct,11,CD37,48.3868655618811,-510.1873669915872
tie_correct,11,SPIB,45.07514003559842,-442.9450800858938
tie_correct,11,CD40,55.82383442455751,-678.5410722024498
tie_correct,11,VPREB3,59.89155524814672,-780.7823502152497
tie_correct,11,TNFRSF13C,69.64500012711595,-1055.1976719868328
tie_correct,12,CD2,44.17092916967652,-425.41309979591716
tie_correct,12,S100A4,38.84415589901112,-329.3342933146143
tie_correct,12,PYHIN1,38.06247135227978,-316.2712961814641
tie_correct,12,FCRL6,39.95874254575213,-348.41918307891115
tie_correct,12,XCL2,37.831544188142274,-312.4629365984812
tie_correct,12,LINC01871,52.140286339521325,-592.1539363225191
tie_correct,12,ID2,38.495204270082745,-323.470075815715
tie_correct,12,CD8A,53.8704016806502,-631.9952343485652
tie_correct,12,CD8B,42.35682271388624,-391.30918350029134
tie_correct,12,DUSP2,42.63892492022862,-396.5187085379916
tie_correct,12,EOMES,40.774593530315315,-362.73065105501075
tie_correct,12,LYAR,49.82828781616815,-540.9415329300867
tie_correct,12,HOPX,39.50273241321174,-340.5458228009712
tie_correct,12,GZMK,74.55071622403545,-1208.8335428187288
tie_correct,12,GZMA,79.66019160413897,-1379.9606328259156
tie_correct,12,HLA-A,43.68099788517119,-416.06193794192797
tie_correct,12,HLA-C,47.547203954609024,-492.68809286816685
tie_correct,12,HLA-B,42.69754619328126,-397.60559070164675
tie_correct,12,SAMD3,42.41863184146413,-392.447645230599
tie_correct,12,TRGC2,65.32251213204778,-928.4871444805332
tie_correct,12,PRF1,46.31979547036767,-467.658526844432
tie_correct,12,PLAAT4,39.89235439948361,-347.2673282010342
tie_correct,12,CTSW,50.86920643325455,-563.7114218752682
tie_correct,12,CD3E,42.68098790315121,-397.2984364834056
tie_correct,12,CD3D,50.280366676275094,-550.772886352494
tie_correct,12,CD3G,43.980130228686996,-421.7589942925699
tie_correct,12,KLRG1,61.35251653951489,-819.2567308965397
tie_correct,12,KLRD1,40.91668835668974,-365.2527853926396
tie_correct,12,KLRK1,43.004242496179856,-403.31628537163226
tie_correct,12,IFNG,38.7191208063271,-327.2269724733654
tie_correct,12,TRAC,42.94961963930396,-402.2962178091719
tie_correct,12,GZMH,49.02190803005004,-523.6254727194529
tie_correct,12,CALM1,42.268957953868586,-389.69365745438455
tie_correct,12,B2M,50.41147636379038,-553.6407239780747
tie_correct,12,IL32,57.06016668636958,-708.8561116055233
tie_correct,12,CCL5,82.8167758717557,-1491.3462964274918
tie_correct,12,CCL4,48.04397839213698,-503.00432949122586
tie_correct,12,GZMM,53.572143993198566,-625.0342187609541
tie_correct,12,MATK,40.088007293650314,-350.66745490129733
tie_correct,12,HCST,48.71780937278065,-517.1686099962808
tie_correct,12,NKG7,69.03795298147273,-1036.9128770306543
tie_correct,12,CST7,76.87307228446102,-1285.2088491239638
tie_correct,12,TMSB4X,41.66499624382019,-378.679592159732
tie_correct,12,SH2D1A,40.18756849815922,-352.4040438935637
tie_correct,13,RHCE,45.349366781243056,-448.3322723208087
tie_correct,13,SLC2A1,46.0468245765918,-462.1809423082978
tie_correct,13,PDZK1IP1,38.04000100458633,-315.89970764580926
tie_correct,13,TAL1,41.845976944733216,-381.9634085104688
tie_correct,13,SELENBP1,48.039464912372104,-502.91011833388836
tie_correct,13,LINC02772,51.791730408152915,-584.2846232824913
tie_correct,13,SPTA1,49.1938959679123,-527.2950292426794
tie_correct,13,TMCC2,49.73806264674141,-538.9900279294202
tie_correct,13,TRIM58,49.12413579239955,-525.8050693335551
tie_correct,13,RSAD2,47.49081329399994,-491.52383016870874
tie_correct,13,LINC00570,39.30424815499919,-337.1470327489163
tie_correct,13,TRAK2,44.66533609632771,-434.9553104679244
tie_correct,13,STRADB,40.169353695757124,-352.08601199131357
tie_correct,13,TNS1,45.40876600920276,-449.50347298834345
tie_correct,13,SNCA,46.36214230557492,-468.5111799514481
tie_correct,13,TSPAN5,39.90915734579277,-347.55868370915425
tie_correct,13,GYPB,45.99962688819064,-461.2371272775725
tie_correct,13,GYPA,46.92934069254997,-480.00675426011867
tie_correct,13,FHDC1,41.833259956709824,-381.732199888397
tie_correct,13,ACSL6,42.49678064668335,-393.88944106979125
tie_correct,13,FAXDC2,49.218964779015124,-527.8309728453642
tie_correct,13,CPEB4,38.99204012150361,-331.8354680026439
tie_correct,13,GMPR,39.510650046212945,-340.681756816902
tie_correct,13,TRIM10,44.30560644163232,-428.00189901234023
tie_correct,13,TSPO2,52.058885638234585,-590.3114402053135
tie_correct,13,RHAG,52.23586467561289,-594.3210134546986
tie_correct,13,GCLC,38.17573276037622,-318.147617870787
tie_correct,13,HEPACAM2,40.03903363895835,-349.8148141433372
tie_correct,13,BPGM,42.22797652104564,-388.94129800700165
tie_correct,13,XPO7,45.97001646973192,-460.64549957770384
tie_correct,13,DMTN,37.846845643812664,-312.7145662053941
tie_correct,13,SLC25A37,44.13577877602335,-424.738725996954
tie_correct,13,BNIP3L,41.47331903873119,-375.2171943055886
tie_correct,13,ANK1,45.18239091726905,-445.0481398713065
tie_correct,13,CTSL,39.856753373350166,-346.6504273336171
tie_correct,13,HEMGN,43.97508076833079,-421.66250366702315
tie_correct,13,STOM,42.34263022354832,-391.04800625269127
tie_correct,13,FRMD4A,47.987370481168746,-501.82337641462533
tie_correct,13,MARCH8,38.99676074388876,-331.91546449893485
tie_correct,13,IFIT1B,40.20054695087229,-352.63073656843056
tie_correct,13,HBD,39.64231414553106,-342.94622229983986
tie_correct,13,SOX6,50.70315249462373,-560.047491150645
tie_correct,13,YPEL4,54.80561585791338,-654.0725404835212
tie_correct,13,HMBS,45.77300726597134,-456.7188691156641
tie_correct,13,TBCEL,43.03725931456455,-403.93349381239557
tie_correct,13,ART4,40.631378521430875,-360.1975013225586
tie_correct,13,LGALS3,39.27434242155535,-336.6364173626893
tie_correct,13,ANKRD9,42.92583125500464,-401.8523807765187
tie_correct,13,EPB42,48.432965415654444,-511.1569908731714
tie_correct,13,AC100835.2,42.836679426591935,-400.19119608671787
tie_correct,13,HBM,39.78235654533116,-345.3630418678348
tie_correct,13,AHSP,40.332020767287084,-354.93129133395684
tie_correct,13,SLC7A5,39.26359031432416,-336.4529289907338
tie_correct,13,SLFN14,42.695341445599595,-397.56468603886077
tie_correct,13,SLC4A1,48.26804759414373,-507.69250732448614
tie_correct,13,SLC25A39,38.74010251700364,-327.5801210008993
tie_correct,13,MRC2,40.92876377349276,-365.46752390658565
tie_correct,13,SMIM5,39.488816170756095,-340.30696749437845
tie_correct,13,SLC14A1,40.74682216669263,-362.23874265528826
tie_correct,13,FECH,46.8807130241015,-479.01572991642723
tie_correct,13,BSG,38.74811684549172,-327.7150626371699
tie_correct,13,KLF1,41.07230106654196,-368.02491132734303
tie_correct,13,NFIX,47.26495446854099,-486.87450094826477
tie_correct,13,BLVRB,38.93818661138862,-330.9235414839078
tie_correct,13,BCL2L1,37.961913437509054,-314.6100900096092
tie_correct,13,FAM210B,40.481948930979456,-357.5639197574838
tie_correct,13,OSBP2,41.23329457306399,-370.90395398871016
tie_correct,13,ALAS2,46.401242837252504,-469.2991599830146
tie_correct,15,SLC2A5,41.74479795433675,-380.12580729745247
tie_correct,15,STMN1,40.4286564684941,-356.6270256464132
tie_correct,15,TCTEX1D1,40.023546015382976,-349.545388289515
tie_correct,15,PHGDH,50.26541252588037,-550.4462597367086
tie_correct,15,CD34,79.43659464592895,-1372.2347126282675
tie_correct,15,CHRM3,41.92300687937399,-383.3653965186514
tie_correct,15,GCSAML,46.468574780676406,-470.6576337042513
tie_correct,15,MYCN,39.40190218651542,-338.8170968632463
tie_correct,15,GALNT14,45.53883838728715,-452.0735162119767
tie_correct,15,FANCL,38.578072842251096,-324.8579175600211
tie_correct,15,LINC01122,43.71757864029996,-416.75654384186925
tie_correct,15,MEIS1,58.333370151058624,-740.7688432929777
tie_correct,15,KLHL23,53.74153609769167,-628.9829109719157
tie_correct,15,CDCA7,53.016443334274705,-612.167769664
tie_correct,15,TFPI,42.01445850778009,-385.0332113300059
tie_correct,15,CAVIN2,49.9506878265547,-543.5946054713365
tie_correct,15,CRYGD,57.89324231798468,-729.657482936941
tie_correct,15,SERPINE2,41.30732638032474,-372.23163886238035
tie_correct,15,ZNF385D,42.51149872464097,-394.16127690119
tie_correct,15,CMTM8,37.93147216460069,-314.10806872222923
tie_correct,15,ARPP21,38.65418238771758,-326.13518814683033
tie_correct,15,ITGA9,43.89041955946578,-420.04635283656796
tie_correct,15,ZNF660,38.57862746064592,-324.867216074053
tie_correct,15,INKA1,47.17106603589128,-484.94831302459113
tie_correct,15,HTR1F,52.616758010633916,-602.9965202555103
tie_correct,15,DPPA4,60.64187769110037,-800.4263205563526
tie_correct,15,MYLK,45.7148570285135,-455.56308532951516
tie_correct,15,GATA2,54.88051360062215,-655.8570506549298
tie_correct,15,PLOD2,38.64913402858552,-326.05038872303663
tie_correct,15,CPA3,43.55517932394399,-413.6772935280881
tie_correct,15,MED12L,38.99359383977976,-331.86179651775177
tie_correct,15,IGSF10,42.768333185587124,-398.9200224550843
tie_correct,15,MME,42.94207572171578,-402.15543890469826
tie_correct,15,SCHIP1,40.43427466000826,-356.7257366577286
tie_correct,15,C3orf80,47.46472719050965,-490.98571369099125
tie_correct,15,MECOM,40.311785047995045,-354.57671423282113
tie_correct,15,CYTL1,55.74840596315678,-676.7130344634425
tie_correct,15,CD38,38.43618762675435,-322.48351142539127
tie_correct,15,PROM1,61.12923408629331,-813.3165999749035
tie_correct,15,KIT,49.36045687111268,-530.8610335322268
tie_correct,15,SPINK2,56.4501614430039,-693.8157601214609
tie_correct,15,IGFBP7,47.65494219187354,-494.9163349797436
tie_correct,15,MMRN1,45.826894250067596,-457.7912276050771
tie_correct,15,HPGDS,46.423025533779466,-469.7384272806256
tie_correct,15,GUCY1A1,58.68457585820802,-749.6956292836621
tie_correct,15,GUCY1B1,46.2008360275089,-465.2674445209386
tie_correct,15,NPR3,59.00245124792091,-757.8214109554865
tie_correct,15,CRHBP,56.88844889056658,-704.6058822957893
tie_correct,15,ZBED3,37.98009192462623,-314.91007174315473
tie_correct,15,NREP,56.51964714389909,-695.5208534841744
tie_correct,15,MZB1,42.104970663490626,-386.6874672416238
tie_correct,15,SOX4,49.45416782285462,-532.8726427574269
tie_correct,15,CASC15,39.152128351485445,-334.5537487450282
tie_correct,15,DDAH2,41.825921148043534,-381.59880433745593
tie_correct,15,CD109,50.18963171392631,-548.7925575662279
tie_correct,15,WASF1,37.81519651242288,-312.1942143680497
tie_correct,15,NKAIN2,40.78916840576996,-362.9889467398482
tie_correct,15,MYB,64.14943470449373,-895.4988209623664
tie_correct,15,MAP7,45.10315437057791,-443.4939254587602
tie_correct,15,ADGRG6,47.25412768974773,-486.65218669550524
tie_correct,15,PLAGL1,37.751606019550906,-311.15002026023336
tie_correct,15,AKAP12,48.34291143746802,-509.26373365449666
tie_correct,15,MYCT1,47.61411759355578,-494.0714077546618
tie_correct,15,HOXA6,40.481128753745764,-357.5494915078969
tie_correct,15,HOXA7,46.78913983263214,-477.15226908138027
tie_correct,15,HOXA9,43.250840290825515,-407.937555779799
tie_correct,15,HOXA10-AS,39.30795903328263,-337.21041996295554
tie_correct,15,HOXA10,44.621419269966474,-434.1034078769281
tie_correct,15,CALN1,46.853242675383584,-478.4563421957494
tie_correct,15,GNAI1,54.436491350009106,-645.3133753984323
tie_correct,15,CDK6,42.10912737025834,-386.7635231766271
tie_correct,15,AC002454.1,62.14078359758916,-840.4006225943859
tie_correct,15,GNG11,41.386100389170736,-373.6469825819519
tie_correct,15,MEST,45.58730189791684,-453.0329634768971
tie_correct,15,CLU,37.88271559589123,-313.30483922968904
tie_correct,15,RBPMS,41.68489075425266,-379.03987392566125
tie_correct,15,PREX2,40.222326517493364,-353.0113212539934
tie_correct,15,CRISPLD1,45.87239619257115,-458.6977041568546
tie_correct,15,ZNF704,45.91312750238151,-459.5099038875534
tie_correct,15,FABP5,41.86543095441831,-382.317239311744
tie_correct,15,LAPTM4B,49.28221858168047,-529.1844822057388
tie_correct,15,BAALC,54.40190509559464,-644.4956895007583
tie_correct,15,ANGPT1,58.41839932085237,-742.9251626217306
tie_correct,15,BSPRY,38.89134411997804,-330.13135938222547
tie_correct,15,C9orf43,40.75292457154776,-362.34680458913743
tie_correct,15,COL5A1,46.57354126099511,-472.7793385561179
tie_correct,15,GPSM1,49.911919174564765,-542.7535746000152
tie_correct,15,AL590226.1,53.14628092270077,-615.1619696825113
tie_correct,15,EGFL7,79.3491228706292,-1369.2182179361166
tie_correct,15,DIPK1B,58.14629231777615,-736.0356450367666
tie_correct,15,LCN6,46.772729562009715,-476.8187142996033
tie_correct,15,DEPP1,39.17186201688027,-334.88959429310466
tie_correct,15,PRXL2A,41.302738452419725,-372.1492899164509
tie_correct,15,DNTT,51.09374212732092,-568.6847718860641
tie_correct,15,MDK,51.4075800000714,-575.6727948026859
tie_correct,15,C1QTNF4,67.23289321848546,-983.4881443561587
tie_correct,15,SERPING1,44.10112952003814,-424.0744916196911
tie_correct,15,AMOTL1,38.37091552583383,-321.3941367732882
tie_correct,15,BCAT1,44.95725093882262,-440.63917839268856
tie_correct,15,PPFIBP1,38.81774023295083,-328.88852271779393
tie_correct,15,MYL6B,50.13535839515246,-547.6097278046414
tie_correct,15,GIHCG,42.086779120352105,-386.35470187041875
tie_correct,15,MSRB3,56.16084557370401,-686.738839993122
tie_correct,15,AC026124.1,40.45534594775125,-357.0960789273122
tie_correct,15,CDK2AP1,46.30408793342391,-467.34245366647184
tie_correct,15,CLDN10,53.53762243041473,-624.2310161250542
tie_correct,15,FAM30A,48.34402848792533,-509.28719649294067
tie_correct,15,AC138649.1,39.997327385786505,-349.0895209681818
tie_correct,15,NDN,57.20929190832175,-712.5575329692808
tie_correct,15,MYO5C,43.85841378701725,-419.43618501662667
tie_correct,15,HDGFL3,38.59090057634984,-325.0730164723499
tie_correct,15,NPW,46.8452632793963,-478.2939165341868
tie_correct,15,CBFA2T3,38.12940752175345,-317.3795075112836
tie_correct,15,JUP,38.76270514684394,-327.96076540686425
tie_correct,15,CAVIN1,50.29468632988852,-551.0857453619645
tie_correct,15,CBX2,47.52187277490016,-492.1649250741808
tie_correct,15,BAHCC1,49.82975865052077,-540.9733752855535
tie_correct,15,TYMS,40.1642274193045,-351.99653276196176
tie_correct,15,OSBPL1A,38.15662289801543,-317.83064786009663
tie_correct,15,ZNF521,50.9346411094717,-565.1585064697638
tie_correct,15,CDH2,42.297403811270435,-390.2163105947567
tie_correct,15,DSG2,39.20347125496551,-335.4279013694925
tie_correct,15,B4GALT6,42.167138561311404,-387.82574599501874
tie_correct,15,TCF4,43.77322378199051,-417.8142635991079
tie_correct,15,PRSS57,67.41806762456801,-988.9036684618308
tie_correct,15,SMIM24,63.970009720238124,-890.5058614298608
tie_correct,15,UHRF1,42.66956084346362,-397.0865353539448
tie_correct,15,CLEC11A,41.2105647314628,-370.49679479665576
tie_correct,15,CPXM1,64.21035358542022,-897.1972233668778
tie_correct,15,AVP,52.228927928860166,-594.1636009817317
tie_correct,15,ADA,37.904325800046905,-313.6607245418028
tie_correct,15,AJ009632.2,47.78827229672636,-497.6808444805317
tie_correct,15,LINC02573,45.30410868282414,-447.4409265548462
tie_correct,15,ERG,79.376331390794,-1370.1561572534436
tie_correct,15,VPREB1,52.356709195388035,-597.0666356603559
tie_correct,15,IGLL1,66.75652933506535,-969.6250440240718
tie_correct,15,AP000345.2,40.30170029957962,-354.4000722257485
tie_correct,15,EMID1,39.77530816458257,-345.24119910814426
tie_correct,15,SHANK3,50.94484824579839,-565.3844043714215
tie_correct,15,ZNF711,43.63260039960349,-415.14384516760543
tie_correct,15,BEX1,42.31330493175724,-390.5086246489621
tie_correct,15,TCEAL9,52.00630849421859,-589.1228912659881
tie_correct,15,FHL1,41.27198890408396,-371.5976005622916
